,Row,A (mean_all),B (mean_all),C (mean_all),D (mean_all)
0,A (ctrl_sub001_meditation),59.5357264178426,65.7267368956667,60.1356362327531,78.2646704050952
1,B (ctrl_sub001_meditation),26.0826012719119,62.1460732018411,87.1566130730845,13.2656850179434
2,C (ctrl_sub001_meditation),0.485488660217967,9.44093150951053,31.3413707379654,16.6628384376198
3,D (ctrl_sub001_meditation),42.1179922189516,13.7310285570191,3.89646468982534,88.6343737647287
4,A (ctrl_sub002_meditation),92.6464821399249,6.35088207953165,47.9445081147937,36.1570213154347
5,B (ctrl_sub002_meditation),4.60190254272927,63.561498984174,8.80319375468113,59.8621162038413
6,C (ctrl_sub002_meditation),53.5160955138533,76.4106720251068,84.5222019126838,54.3513416356686
7,D (ctrl_sub002_meditation),49.6086299586742,18.9821276636147,8.93773619912623,91.9441580484976
8,A (ctrl_sub003_meditation),57.3141804080503,0.158167876767381,1.55543176113898,50.1397941133582
9,B (ctrl_sub003_meditation),39.4196609513826,82.5361017169933,66.8004332553931,59.5583168013128
10,C (ctrl_sub003_meditation),87.5720472934599,24.1172673374313,71.8211209120625,41.8577217738183
11,D (ctrl_sub003_meditation),0.0306241848080699,29.8070614992539,0.468913045067731,42.867624496813
12,A (ctrl_sub004_meditation),67.1230858702695,26.3210257647099,24.0066595049311,91.141077599283
13,B (ctrl_sub004_meditation),0.10456441071,58.181681449032,6.00088696676428,33.6217899465027
14,C (ctrl_sub004_meditation),44.2619783863405,80.4013258494306,79.7450646787438,51.0701223432846
15,D (ctrl_sub004_meditation),35.4443353843906,59.4588616211937,26.5125437781799,88.3910114870025
16,A (ctrl_sub005_meditation),93.782067469178,5.903881700141,47.9664305517855,35.8503751482433
17,B (ctrl_sub005_meditation),8.77550543451135,79.1463563279787,70.4898360664817,11.0116418065167
18,C (ctrl_sub005_meditation),71.763450227286,59.0261452425543,83.8756903838384,58.3520504794334
19,D (ctrl_sub005_meditation),67.3627944131573,29.5038800094738,25.3355478199005,94.7527644591529
20,A (ctrl_sub006_meditation),90.9734341231027,5.59106679170451,56.3191601529708,25.5668042537658
21,B (ctrl_sub006_meditation),13.105348566479,54.576919183265,5.5464294590259,0.962693575051822
22,C (ctrl_sub006_meditation),46.7557684578396,80.7288329803729,87.1774231478993,47.7171952112413
23,D (ctrl_sub006_meditation),19.8764905172711,2.27923551518449,0.985817573483583,65.7462133851807
24,A (ctrl_sub007_meditation),79.8433317051883,0.243231978731918,15.4060893432204,29.6962724155907
25,B (ctrl_sub007_meditation),19.1529883724996,55.5941944149447,12.6833659651948,83.235859319998
26,C (ctrl_sub007_meditation),51.3146832163278,78.3446723621563,87.6708143616052,50.5785025410427
27,D (ctrl_sub007_meditation),84.3115931326765,33.3971963821074,44.8700718475569,86.5785845976685
28,A (ctrl_sub008_meditation),81.4905672588744,43.6363879125543,75.4556153495068,59.0179585383634
29,B (ctrl_sub008_meditation),43.5770655257692,80.3312399722843,65.6630840087169,64.8300973624362
30,C (ctrl_sub008_meditation),33.3703493134434,43.2824406815271,89.8737438014386,8.13835992432803
31,D (ctrl_sub008_meditation),62.4472539783794,27.2902382484179,21.1618600153766,93.2797606374406
32,A (ctrl_sub009_meditation),30.786754346625,55.6589004984212,91.2575624241512,11.9276180422213
33,B (ctrl_sub009_meditation),2.84203600782279,90.9704737275186,35.8071612360091,28.4268235019745
34,C (ctrl_sub009_meditation),4.69486609662804,6.46402689867445,47.8978730274602,7.94137278180785
35,D (ctrl_sub009_meditation),76.6107689246117,51.7563430691226,76.74776875488,62.5037470356883
36,A (ctrl_sub010_meditation),77.0311145072165,10.9617096157803,18.7381451669142,79.781663282557
37,B (ctrl_sub010_meditation),1.53365021356888,68.280652357047,56.3386821209957,2.63555795482891
38,C (ctrl_sub010_meditation),42.9701832862124,21.1316590514285,85.7424876335488,3.5325576142922
39,D (ctrl_sub010_meditation),54.3249185421574,77.4354171320154,69.5035249055009,72.4915640165913
40,A (ctrl_sub011_meditation),40.4537681980802,20.3972924566519,3.76526771690336,0.114821011714204
41,B (ctrl_sub011_meditation),26.3241146703612,84.9342372146334,41.0735478431162,73.5035187054154
42,C (ctrl_sub011_meditation),83.8801575531179,35.2308877693546,85.7457411858458,41.2762933206854
43,D (ctrl_sub011_meditation),67.9179400869848,2.66039731869377,7.43383293637323,69.5094577383075
44,A (ctrl_sub012_meditation),89.7571554524895,21.9057134992794,77.4141581038402,35.7062889002968
45,B (ctrl_sub012_meditation),56.3615830809928,77.1558298765137,80.4759876316144,62.6292361503703
46,C (ctrl_sub012_meditation),8.84984883566178,20.0737888231124,66.1716467126927,1.38678496517492
47,D (ctrl_sub012_meditation),46.6406557926603,36.5523004640142,16.3355150637724,98.7327114209354
48,A (ctrl_sub013_meditation),90.0748565637695,0.765163777078793,33.1382257032142,29.6015707253041
49,B (ctrl_sub013_meditation),16.5789890978676,92.7693585282475,73.4572564080434,27.3240762424255
50,C (ctrl_sub013_meditation),73.2763836411854,51.0011551352725,52.443463990501,88.5618228376794
51,D (ctrl_sub013_meditation),15.3145363148517,17.3164958417877,0.101496558036892,77.5478236355074
52,A (ctrl_sub014_meditation),92.0560658401244,9.74887552790305,61.4049565558289,30.9810959753924
53,B (ctrl_sub014_meditation),0.201167371026871,86.1244200081529,36.2931341949453,12.5643172321464
54,C (ctrl_sub014_meditation),48.2038692877575,78.5684455913076,57.6102568711592,80.2563036288344
55,D (ctrl_sub014_meditation),71.6814757506822,12.8017544482423,16.3572905287258,84.491223650421
56,A (ctrl_sub017_meditation),10.1216339624761,4.73652291452698,20.0657932768963,14.9629015178036
57,B (ctrl_sub017_meditation),3.05244789993475,83.9339390723164,58.4867643471939,9.29167311466197
58,C (ctrl_sub017_meditation),66.8969144380723,41.3075950889503,95.31168769709,27.1704535567361
59,D (ctrl_sub017_meditation),62.7053663132797,53.7071135007679,42.987377735886,93.32657764048
60,A (ctrl_sub018_meditation),72.4529548689168,3.50101624878213,14.39240861142,58.7704920510691
61,B (ctrl_sub018_meditation),19.2054057284434,37.8771796169956,7.0647428475155,76.9052164853216
62,C (ctrl_sub018_meditation),59.1788062839442,65.6094408512825,78.5868017701682,56.3803419100834
63,D (ctrl_sub018_meditation),47.8492490391479,16.8965260046484,9.23623196640237,82.8339192815419
64,A (ctrl_sub019_meditation),86.7333068064273,40.0721786011148,70.3256985130173,65.1902327562938
65,B (ctrl_sub019_meditation),13.0857811184484,95.0611985343916,46.1086841650132,47.8467117018036
66,C (ctrl_sub019_meditation),51.5016471207374,62.902310959334,42.085753462094,90.6763781077463
67,D (ctrl_sub019_meditation),39.3059020861849,4.43061862121424,0.711001742782965,76.5395600477788
68,A (ctrl_sub020_meditation),62.3861901233868,6.24904564613116,13.0707688871044,5.70607538056492
69,B (ctrl_sub020_meditation),70.2323901425152,55.8664572696741,55.3847172826494,87.0276918844063
70,C (ctrl_sub020_meditation),23.9512133015693,78.107829764506,87.5534491235904,19.4909728106915
71,D (ctrl_sub020_meditation),7.10952608835502,21.7406462255231,0.0052557751961442,69.5333370719354
72,A (ctrl_sub021_meditation),85.5867716277583,5.23385530649213,20.4700656944297,66.3774148093524
73,B (ctrl_sub021_meditation),31.2964395920166,89.0736101795424,72.4393013897437,47.5985696608858
74,C (ctrl_sub021_meditation),73.5806651176904,7.3693428053891,67.3013932958851,12.0912618012393
75,D (ctrl_sub021_meditation),60.7438625756593,51.9924005217065,40.1825063587647,93.0063900088207
76,A (ctrl_sub022_meditation),88.1120101658597,2.44401881422817,28.8860495041021,42.5459933955073
77,B (ctrl_sub022_meditation),41.5071379643937,84.3083308597569,63.4797419829526,68.3218001962782
78,C (ctrl_sub022_meditation),76.6959173170631,43.2973541823426,88.1669877670876,42.3352183853173
79,D (ctrl_sub022_meditation),51.1848412865494,30.166180908399,15.4471473495003,97.0252591593273
80,A (ctrl_sub023_meditation),97.1090359242202,8.79428918040026,36.5487220785367,60.9022460652579
81,B (ctrl_sub023_meditation),10.6395403736533,58.6360819495214,5.20207069588404,3.18340914640723
82,C (ctrl_sub023_meditation),47.05461151886,63.3266119161872,98.2565347570366,26.3682829866795
83,D (ctrl_sub023_meditation),37.7190371076647,72.1222176591009,36.6632967853817,88.5485488594978
84,A (ctrl_sub025_meditation),83.7947363724966,0.0045070658977759,18.1148787775561,33.299603481745
85,B (ctrl_sub025_meditation),46.5353873040855,83.4369572214716,74.0883666432834,62.5714205405549
86,C (ctrl_sub025_meditation),46.39015349981,32.459019902017,93.2485859498383,8.48708064641534
87,D (ctrl_sub025_meditation),5.52809683079746,56.166571936407,5.66632472695494,66.5538945105729
88,A (ctrl_sub026_meditation),50.0324199058624,0.274189385586616,0.759021839972166,63.1828713859875
89,B (ctrl_sub026_meditation),61.0876100802545,71.9121963932039,84.2747488536796,59.2989203211607
90,C (ctrl_sub026_meditation),27.9044600408255,28.6875181164079,85.4842650465069,1.46035378055235
91,D (ctrl_sub026_meditation),46.5170924307747,47.1875183450802,23.131505097731,98.3849666432595
92,A (ctrl_sub027_meditation),74.3916687436154,41.5624840313016,42.3441522414719,92.0425999402092
93,B (ctrl_sub027_meditation),2.27372636581081,46.2009187142082,33.4489616049175,1.42320658353353
94,C (ctrl_sub027_meditation),58.3904405852612,34.7257290888051,95.3628046245664,15.8935293342257
95,D (ctrl_sub027_meditation),4.66599455701764,40.961300600807,1.2865518806999,67.2176826771874
96,A (ctrl_sub028_meditation),49.6567064555405,3.74395353416365,0.0413374673797575,36.1742125743396
97,B (ctrl_sub028_meditation),5.8765159825763,86.9578590420029,63.8480338449831,13.1457129631629
98,C (ctrl_sub028_meditation),62.7098889429173,6.84624246997576,70.0729022938177,5.72049924111011
99,D (ctrl_sub028_meditation),57.7914905509505,52.9737457738687,36.7660286843052,96.2529417995761
100,A (ctrl_sub029_meditation),66.7598095075769,8.52211862170964,10.3144554581074,82.8621642720728
101,B (ctrl_sub029_meditation),12.5115194708644,89.5988154962794,32.6377973522732,60.5360119755716
102,C (ctrl_sub029_meditation),79.5682016007582,53.5271082211986,74.0469668414053,70.9659227874591
103,D (ctrl_sub029_meditation),1.46664822927096,0.0270558565750726,15.1495424466847,38.5384575894221
104,A (ctrl_sub030_meditation),78.6085108182921,47.7033720874113,87.5769625394532,49.2831628845802
105,B (ctrl_sub030_meditation),45.5203350597253,82.2411686627417,83.7953387374867,50.43350282402
106,C (ctrl_sub030_meditation),32.9112378933639,47.2783638819802,93.1348701682513,8.57143818190885
107,D (ctrl_sub030_meditation),48.9594060621762,54.2470204439291,30.0777069512404,97.3654766097584
108,A (ctrl_sub031_meditation),89.8172090500597,0.605613550360739,27.1295886966428,35.5511448370892
109,B (ctrl_sub031_meditation),2.13730996633387,71.945046755734,11.0343978459419,49.8359249440268
110,C (ctrl_sub031_meditation),35.545661275822,81.8487814766831,87.8315064523298,34.6649075029051
111,D (ctrl_sub031_meditation),58.9052174653367,30.5644107261976,19.7951058396519,97.795866837163
112,A (ctrl_sub032_meditation),86.3839671821149,36.9256125315001,58.5962235493405,74.6712131282233
113,B (ctrl_sub032_meditation),22.0441530775591,75.7923279400729,28.715696111226,76.5040416366673
114,C (ctrl_sub032_meditation),41.3536515807373,47.5606738428843,94.436979736659,13.6878264908945
115,D (ctrl_sub032_meditation),22.0769603114854,3.11691081149656,4.51982804891324,38.0105817935669
116,A (ctrl_sub201_meditation),89.1097909418456,0.949189907188441,33.0013499604821,30.2886000196094
117,B (ctrl_sub201_meditation),23.0101237356303,88.5107263503656,43.724624461986,66.3580853409431
118,C (ctrl_sub201_meditation),33.5440504738867,66.0599682556147,95.3253514485932,17.8222892347576
119,D (ctrl_sub201_meditation),17.5600608271878,23.4485371086315,1.03406922574367,81.9014231643046
120,A (ctrl_sub204_meditation),81.7366406533943,35.176849677476,46.7462847655565,83.6243533964875
121,B (ctrl_sub204_meditation),36.0111437984503,87.1074800235862,61.1825964805644,65.1627068495621
122,C (ctrl_sub204_meditation),63.3760316550405,64.6816155327465,84.8765853904431,54.1111637684978
123,D (ctrl_sub204_meditation),53.065313140989,54.9737073993625,35.6374803413236,94.0041823708389
124,A (ctrl_sub205_meditation),94.7667430773327,5.35068525235715,48.8593163725813,34.1339656754862
125,B (ctrl_sub205_meditation),9.61921633475085,95.6557236403179,52.1621558669979,33.8994796042618
126,C (ctrl_sub205_meditation),63.5838595859257,66.475876703191,87.2665955524366,53.896554308962
127,D (ctrl_sub205_meditation),72.4208704103355,48.2765101042419,47.7785479873598,90.7880595444074
128,A (ctrl_sub206_meditation),21.3884482301418,23.1195588704531,4.72596497227599,5.33059494560917
129,B (ctrl_sub206_meditation),12.7919352043364,96.7396447085166,59.3768710521242,34.6009267858394
130,C (ctrl_sub206_meditation),76.0561759950304,40.9759922256195,90.3394974908986,37.5994223577618
131,D (ctrl_sub206_meditation),67.2105486539723,2.81217990910127,6.98464664938615,71.426445633675
132,A (ctrl_sub207_meditation),91.9025080294486,30.4561874815801,73.9969557801584,52.6789539924382
133,B (ctrl_sub207_meditation),9.84071590056896,73.8206373300335,17.9797704630626,65.3954906475573
134,C (ctrl_sub207_meditation),7.16576519124366,75.9376246686799,71.1349479524761,7.45938341184656
135,D (ctrl_sub207_meditation),35.4577886541786,16.2024183958618,3.04367701495451,88.3948308147228
136,A (ctrl_sub208_meditation),98.1427899899502,18.8186872839361,52.0316430178099,63.8106259977014
137,B (ctrl_sub208_meditation),49.2640835048054,82.4877592448989,77.4093630199713,61.7507181219794
138,C (ctrl_sub208_meditation),5.85814369867827,56.2537114978869,71.8903141093299,1.1058931159241
139,D (ctrl_sub208_meditation),35.1771404690797,35.2308187251706,10.1617563428125,95.1113693332406
140,A (ctrl_sub209_meditation),83.2026691606914,38.9824173576033,51.0149221260695,84.9620345918093
141,B (ctrl_sub209_meditation),9.97743155771042,70.406465974392,76.5609548736259,6.63924349866847
142,C (ctrl_sub209_meditation),54.8803634451865,27.413555591175,89.4627029344254,11.2519249470882
143,D (ctrl_sub209_meditation),29.2091693472688,74.4205390674861,31.684713296492,84.251490637897
144,A (ctrl_sub210_meditation),66.9194629150421,2.15309143438258,57.4463591424847,5.63025649544996
145,B (ctrl_sub210_meditation),3.78386029582338,79.9189470179289,62.7571380844578,7.34848267680535
146,C (ctrl_sub210_meditation),68.2064415566617,64.1983319707942,78.907596241254,64.9276418884784
147,D (ctrl_sub210_meditation),40.235772784596,33.300252105512,11.7365569224562,95.5010970223939
148,A (ctrl_sub211_meditation),78.6308424283104,4.41444851985531,14.2073759305603,70.0226779746323
149,B (ctrl_sub211_meditation),61.9210093635245,71.2374719625765,79.1278080041477,64.9351981574803
150,C (ctrl_sub211_meditation),17.2873094315141,40.2878730715631,81.6863220405095,1.45967273172344
151,D (ctrl_sub211_meditation),9.05532490400859,41.9537158975617,3.14915149449373,72.8510296218977
152,A (ctrl_sub212_meditation),70.5285980349019,49.8632699573564,93.151876832061,39.6133410189626
153,B (ctrl_sub212_meditation),3.60033020704372,51.9307694956355,1.56487819254278,16.948361630831
154,C (ctrl_sub212_meditation),4.55124346128933,0.684018512174031,14.3801801126078,37.271106669817
155,D (ctrl_sub212_meditation),44.5930360204247,46.800156247036,22.372553943659,96.2705308085804
156,A (ctrl_sub213_meditation),78.1903999668868,48.4559855372272,85.7936208028446,51.3671003623023
157,B (ctrl_sub213_meditation),5.75161246784931,81.0140249878609,20.250406614356,53.9083500049682
158,C (ctrl_sub213_meditation),27.4942645611393,52.7732268717438,92.1532467843045,7.96461812754647
159,D (ctrl_sub213_meditation),67.6459110870505,28.1910958998979,24.2218392236942,95.1008320451229
160,A (ctrl_sub214_meditation),53.4146982218588,2.20818195553546,2.49019842835751,71.1410041857179
161,B (ctrl_sub214_meditation),0.947509667709826,77.6943615403258,14.0590497208783,40.1550845039576
162,C (ctrl_sub214_meditation),60.5825329808394,54.6175783227536,97.0209493909859,32.314734593342
163,D (ctrl_sub214_meditation),73.8088075390986,48.5724708276256,50.0151977657527,89.4366218449652
164,A (ctrl_sub215_meditation),96.7078294336656,6.21266925757278,36.797528117738,52.3803983185928
165,B (ctrl_sub215_meditation),22.5220134559559,73.9875830721835,88.1874560866655,15.5397775073377
166,C (ctrl_sub215_meditation),43.4362767643523,10.3746455202434,74.0889361161483,1.41854060253369
167,D (ctrl_sub215_meditation),54.9679989117721,68.7401793908849,52.2543357041494,86.7893003046279
168,A (ctrl_sub216_meditation),92.4433573138792,16.6354148555969,39.4752514810024,71.5346945228675
169,B (ctrl_sub216_meditation),4.87516310380846,90.5126965749296,27.3761040358557,46.5870307360266
170,C (ctrl_sub216_meditation),29.9222232619005,40.8936672641284,90.9338992780481,4.976950999678
171,D (ctrl_sub216_meditation),66.3617087715423,62.5094095437303,82.1021552705477,57.9354762413648
172,A (ctrl_sub217_meditation),96.3118255866022,11.3407099322982,38.8234184167502,63.6217699166811
173,B (ctrl_sub217_meditation),4.38645672581168,93.7555687170219,45.9136858485604,25.4372916532344
174,C (ctrl_sub217_meditation),62.6979274524883,66.9878315899268,87.3609367760932,53.2494660517956
175,D (ctrl_sub217_meditation),21.1034930430706,22.3611552805686,1.53605626093982,83.5821525962679
176,A (ctrl_sub218_meditation),50.3227306039025,7.82584139904957,0.0595431337831036,25.8015301667389
177,B (ctrl_sub218_meditation),21.7561029331002,95.5811305814652,71.5762706926594,38.7247281024956
178,C (ctrl_sub218_meditation),82.0329543448201,35.0335924938985,87.5008591398159,38.1463176180781
179,D (ctrl_sub218_meditation),44.4811542754841,36.9468201961564,15.7288715242955,97.3029432332057
180,A (ctrl_sub219_meditation),97.8117317771554,19.4440537265014,56.567334656416,59.054809214232
181,B (ctrl_sub219_meditation),17.2005095702491,96.2191554927578,62.2710207404153,39.804106038566
182,C (ctrl_sub219_meditation),47.3589877277368,61.3463285343423,95.6597532133137,26.794834644127
183,D (ctrl_sub219_meditation),62.2765816184599,69.241212864673,68.9037479765942,74.879684028647
184,A (ctrl_sub220_meditation),97.5525103330876,14.9984396908283,52.6751086731792,54.6635123602836
185,B (ctrl_sub220_meditation),0.375966387160001,43.6306034189222,1.84114307594045,39.8295853163932
186,C (ctrl_sub220_meditation),3.40226897584842,72.8692561374542,57.1389234651285,6.61325186183058
187,D (ctrl_sub220_meditation),38.1577105462562,71.8330871932225,46.2169598693266,73.0494990525995
188,A (ctrl_sub221_meditation),54.5170581149751,9.21321033034421,5.89869981414402,84.8636541741394
189,B (ctrl_sub221_meditation),7.96071863484927,95.8096213174717,58.8034397653172,24.824926863626
190,C (ctrl_sub221_meditation),79.574466803162,51.8338833334189,80.3138704436561,62.0708924436467
191,D (ctrl_sub221_meditation),6.093638128744,12.1928460734467,10.7715951812633,22.5097031603901
192,A (ctrl_sub222_meditation),50.5136181983118,13.9738371391975,1.89629755667618,7.49778202519501
193,B (ctrl_sub222_meditation),9.1426876219651,76.2875351332312,70.1156880922726,10.463746296253
194,C (ctrl_sub222_meditation),96.6874805268459,8.96838679269467,47.4395688369896,46.4302731263963
195,D (ctrl_sub222_meditation),44.7747364513838,69.900315306139,44.454842056504,84.3723355238466
196,A (ctrl_sub223_meditation),93.5281053779377,21.4264149518099,44.1481365321439,75.5738392538255
197,B (ctrl_sub223_meditation),50.6357382725943,80.6737182760423,79.6995536711046,59.4437163392514
198,C (ctrl_sub223_meditation),22.3211532303209,48.2051110560549,89.0798261728044,4.20780216717307
199,D (ctrl_sub223_meditation),37.8928098703061,39.0123269615349,13.2850405628084,96.3144327537832
200,A (ctrl_sub224_meditation),77.2074455666043,0.910769259990137,9.65380147240479,32.8162888578567
201,B (ctrl_sub224_meditation),15.1975568205928,72.8778468492804,83.5050390262654,9.99878962091632
202,C (ctrl_sub224_meditation),83.1892963994628,42.3825058523474,84.3566419264125,50.4308598606546
203,D (ctrl_sub224_meditation),32.6631456063507,32.2006649714767,7.76194652396384,93.7744723014521
204,A (ctrl_sub225_meditation),52.9560394498473,64.9933353141447,45.6090692613667,89.4688363421162
205,B (ctrl_sub225_meditation),1.56711257284324,74.3779584084367,22.7934272573771,5.18605399690517
206,C (ctrl_sub225_meditation),68.9281071404278,22.9342368847251,85.6658915645161,17.3578171784426
207,D (ctrl_sub225_meditation),3.69765721661407,9.72589608932153,2.53134857892747,57.0132386373463
208,A (ctrl_sub226_meditation),89.3875521867935,5.67942879305844,57.1566900402787,24.0959114751526
209,B (ctrl_sub226_meditation),1.55147755649424,76.2604865850595,23.1782359739645,5.57570070730299
210,C (ctrl_sub226_meditation),58.7877492220321,70.9114597730268,65.4188441235904,76.4076585276234
211,D (ctrl_sub226_meditation),14.8222781265359,8.66235918699174,0.339772916599506,71.6009218887976
212,A (ctrl_sub227_meditation),74.587302153918,1.99479000802413,8.86997386860253,27.1107493798158
213,B (ctrl_sub227_meditation),31.4689398660859,82.8873919551902,42.8679615145651,78.5635416509488
214,C (ctrl_sub227_meditation),71.702036258314,44.7088572549028,93.5540708670904,35.2381363411772
215,D (ctrl_sub227_meditation),10.1106278483136,3.14264816118039,3.05012219742163,60.3857299976242
216,A (ctrl_sub228_meditation),67.0789358254451,10.3728953666325,73.0046119829743,10.0030149255585
217,B (ctrl_sub228_meditation),0.29452106262064,43.8493246669891,53.136285824398,0.539917546940198
218,C (ctrl_sub228_meditation),63.1331146663844,65.9237163570958,81.6767154189789,58.1294891874091
219,D (ctrl_sub228_meditation),24.8325312730202,59.2971806536714,18.1753891774971,86.0280209462881
220,A (ctrl_sub229_meditation),98.8464855593096,9.89438950070276,45.2687937258739,53.296426288005
221,B (ctrl_sub229_meditation),3.24156970808008,82.7713049402002,21.256912356197,43.6619030665643
222,C (ctrl_sub229_meditation),31.1098480497653,52.9965459044263,92.3037528270451,10.4160368522079
223,D (ctrl_sub229_meditation),62.315429181079,59.2309292718283,51.6773623000266,86.0944045533875
224,A (ctrl_sub230_meditation),82.3977227984308,42.1467223769358,81.9934093202148,51.5284383391727
225,B (ctrl_sub230_meditation),8.62632418198308,43.3745039325426,3.15798248086598,73.4373444364069
226,C (ctrl_sub230_meditation),17.0116659296238,68.8374026490703,81.6191367203972,10.7794221134657
227,D (ctrl_sub230_meditation),62.3581822830147,53.9415637317318,43.7471845468459,91.8656174493749
228,A (ctrl_sub231_meditation),52.1602157172913,1.2241959825961,1.91879473274462,66.3337555111817
229,B (ctrl_sub231_meditation),16.5097241208688,90.1883379319086,45.6493252480066,51.9476693209132
230,C (ctrl_sub231_meditation),72.2083767593838,26.4132242140824,87.1445935316526,21.988618182001
231,D (ctrl_sub231_meditation),65.2443053134217,52.2921837735121,45.4751959084551,90.6333951529463
232,A (ctrl_sub232_meditation),80.1390942361935,0.90506638173722,41.0908416888206,16.8482406164707
233,B (ctrl_sub232_meditation),7.74134167052197,80.9463026204783,25.003854172186,51.9573316354731
234,C (ctrl_sub232_meditation),21.2334271322142,54.1739718716305,85.3477520370104,6.75849269723286
235,D (ctrl_sub232_meditation),63.539541937777,25.5045264828373,21.3275750045398,90.5236812987978
236,A (ctrl_sub233_meditation),88.1483357374789,31.8718790371383,51.2247185625972,78.5776652091324
237,B (ctrl_sub233_meditation),13.9811477402163,89.7588067349074,39.2319996337874,54.3447235048721
238,C (ctrl_sub233_meditation),27.0506584457984,46.9395435368988,88.3175038444264,6.57410421307423
239,D (ctrl_sub233_meditation),37.5484835292789,9.98256287855989,1.93760469162009,82.3578059361661
240,A (ctrl_sub001_music),61.8655980823198,49.7344586828108,38.2229816211757,94.706503192466
241,B (ctrl_sub001_music),40.2526790530667,69.1901680649886,87.4211149884334,31.0037549422765
242,C (ctrl_sub001_music),7.41536194825335,28.867458192989,66.5935981836454,0.287024069303211
243,D (ctrl_sub001_music),17.395848527701,0.763007332628309,2.4045221178868,59.7921735799768
244,A (ctrl_sub002_music),93.2981841652523,29.4425432607702,60.7106334361631,67.2015051285217
245,B (ctrl_sub002_music),22.9633342000867,30.8811253162337,1.45935873336478,3.2196605233258
246,C (ctrl_sub002_music),19.5999227497179,95.9000395294845,70.0132997409519,36.8163901162486
247,D (ctrl_sub002_music),26.42661493926,25.8359440608251,3.74711300379028,87.6459161668132
248,A (ctrl_sub003_music),48.9875949260809,11.8543259713588,0.318350500420088,15.1251854619269
249,B (ctrl_sub003_music),15.4876399689938,80.1301781816713,32.1995626615881,59.8597085136389
250,C (ctrl_sub003_music),52.4834640120857,20.7433604966051,85.1289015620182,7.23182220054798
251,D (ctrl_sub003_music),72.5023530707729,42.4522454943793,41.7432028824239,92.0208130460151
252,A (ctrl_sub004_music),65.40118136285,59.2438299815097,60.9767673486124,77.2461856522599
253,B (ctrl_sub004_music),0.0193170505730809,49.9628870140109,2.91988158408367,30.3850674145004
254,C (ctrl_sub004_music),27.9749321935831,71.3161509964288,32.1082141808177,77.4876971131669
255,D (ctrl_sub004_music),41.8931667962012,23.8108953232313,8.40906328530976,91.8646486909352
256,A (ctrl_sub005_music),57.6830647996174,2.25401186242189,3.56803794516585,70.9147122705644
257,B (ctrl_sub005_music),5.61162274204737,65.171129267376,10.7117157251783,4.57702166688853
258,C (ctrl_sub005_music),87.2083986631054,34.5840475591748,82.6746946173588,45.9869493147072
259,D (ctrl_sub005_music),45.36713180006,78.6924430072518,54.1264223323638,80.9534833151871
260,A (ctrl_sub006_music),66.2538248431298,0.233293588068205,36.7381514183424,3.96208222411572
261,B (ctrl_sub006_music),0.405568605745244,63.2212542627726,53.7558274431591,0.612898321244441
262,C (ctrl_sub006_music),62.8067405236659,66.0774129814529,90.9681483475421,49.3768459993583
263,D (ctrl_sub006_music),45.7551333742899,32.2905356793125,14.2265524741296,95.5712464380113
264,A (ctrl_sub007_music),77.1294415107147,6.0805442358297,14.6943234112452,73.9646689192174
265,B (ctrl_sub007_music),41.9682521199277,86.7284837483896,78.6566423497875,54.4944078118813
266,C (ctrl_sub007_music),89.6464190878748,22.9039982369217,78.039137682368,36.5098584696776
267,D (ctrl_sub007_music),19.1102529727618,64.8832686647635,17.9191518389127,80.5923642026549
268,A (ctrl_sub008_music),86.7479401039762,36.3824305892596,63.7600241377752,67.6383636493168
269,B (ctrl_sub008_music),46.0984588722015,78.7646031008963,63.2606991805419,69.8076740737193
270,C (ctrl_sub008_music),47.293264079798,48.3419712326291,94.6433133892792,18.2705753459185
271,D (ctrl_sub008_music),50.8425345076177,15.6163760012558,8.19347974978249,88.4356579842698
272,A (ctrl_sub009_music),68.9217829445799,6.81404280940771,68.2196043392048,8.8063379390176
273,B (ctrl_sub009_music),1.08468634079183,81.7866499099364,48.6578516993307,8.1899564169601
274,C (ctrl_sub009_music),33.8427701214815,51.7406516135059,93.3377180113083,11.2678045581987
275,D (ctrl_sub009_music),57.4784247872798,48.680593549229,32.7897542865388,97.0473410342665
276,A (ctrl_sub010_music),71.0167491109008,6.24186093489527,11.907662895705,75.1381362445032
277,B (ctrl_sub010_music),8.58086328099846,89.4837815545367,63.9225577858273,18.9811120759513
278,C (ctrl_sub010_music),56.2396525008829,26.6454651356501,90.8116899195657,10.8737043637222
279,D (ctrl_sub010_music),45.6217145231997,67.4255612271271,39.8146081975391,90.8594874973955
280,A (ctrl_sub011_music),93.8365000590048,9.87831747547622,60.9452981339932,32.7445563784951
281,B (ctrl_sub011_music),23.0528198962525,47.9931750003253,11.2534312769424,86.1749673932503
282,C (ctrl_sub011_music),45.4192432241036,74.4267199392175,93.7082150047161,35.8929591977467
283,D (ctrl_sub011_music),64.8707025323902,0.25817301378109,3.31620545473465,46.9174835606267
284,A (ctrl_sub012_music),93.8801331970955,11.4555228326469,34.2842418822026,68.6757487831925
285,B (ctrl_sub012_music),63.7303819985796,64.0055336278183,92.7815493298608,46.8085544618016
286,C (ctrl_sub012_music),20.3822565438718,15.6544384910382,72.4194903676925,0.129511425027736
287,D (ctrl_sub012_music),45.1995833305577,60.6048616547168,32.3327500548596,95.3879235574485
288,A (ctrl_sub013_music),96.8343570453762,12.3993198234408,53.0093733964441,48.2008338330672
289,B (ctrl_sub013_music),23.5639325160709,95.1658543696634,63.9383163896072,48.5395698214763
290,C (ctrl_sub013_music),3.00708467808802,2.99093617798175,6.96864484749639,49.7560635612372
291,D (ctrl_sub013_music),52.9393819840599,32.7249308915301,17.8358400471327,97.9025537090545
292,A (ctrl_sub014_music),77.705935993208,3.00065234194572,56.5810356335358,12.2174358023812
293,B (ctrl_sub014_music),15.973229919614,43.7147778081135,5.71129840149315,0.126906515761051
294,C (ctrl_sub014_music),24.0776211856622,94.2733676306337,51.9140904397544,62.6396611997509
295,D (ctrl_sub014_music),83.6797446579318,38.7941439924559,51.7680044112446,84.1578076273813
296,A (ctrl_sub017_music),50.2514344299191,12.1282198488488,8.456473287253,1.43065756178291
297,B (ctrl_sub017_music),51.6548364168017,75.0975361652802,89.1870095357887,46.9177474854836
298,C (ctrl_sub017_music),11.0723783441347,32.7481922562379,74.568966074238,0.0002386615696665
299,D (ctrl_sub017_music),69.3832638787891,41.8315578189632,37.7094403693708,94.1255423772355
300,A (ctrl_sub018_music),65.825583393147,2.38666797916512,9.26261764553609,59.6113308604901
301,B (ctrl_sub018_music),24.3596959144901,57.2578095632198,20.417727698516,76.990362475503
302,C (ctrl_sub018_music),74.5060644857447,48.4706097395052,73.0514839509172,60.1592342617016
303,D (ctrl_sub018_music),34.4229557099827,10.8192534250004,2.23300657035259,77.1295121707125
304,A (ctrl_sub019_music),96.9410750864824,5.48630336684758,41.2316030478274,44.5089516620261
305,B (ctrl_sub019_music),7.3949577655866,63.2298019081393,9.45356200886583,68.4303196474511
306,C (ctrl_sub019_music),32.898207707938,78.5929131903302,91.4760435965174,26.9951877434664
307,D (ctrl_sub019_music),67.591476945134,42.3959939915705,36.2041052334395,95.381348537106
308,A (ctrl_sub020_music),60.8648400477248,0.405446300341379,35.8876965898261,2.25904407975349
309,B (ctrl_sub020_music),3.36078114179535,90.6303506830331,52.2412908030598,16.2335721556508
310,C (ctrl_sub020_music),75.5776489579391,45.2141428031926,48.8081594592172,88.8077188950914
311,D (ctrl_sub020_music),8.43953373240535,10.7423875146189,0.844019327225712,65.9096831455042
312,A (ctrl_sub021_music),86.806173790301,3.45521653434646,19.7047678088304,61.6923260954822
313,B (ctrl_sub021_music),3.82529518704125,87.8305191789589,25.13152611857,43.9860978756689
314,C (ctrl_sub021_music),52.9803434401041,9.81153847553148,74.0097478543434,3.66808565803917
315,D (ctrl_sub021_music),75.9681235262334,54.9582758479814,74.2255751574221,68.5059845937418
316,A (ctrl_sub022_music),92.0506699424782,23.7596629165219,48.7313114560368,71.9560495237916
317,B (ctrl_sub022_music),38.8050852870015,87.4629279496291,71.4330249348571,58.1975251269875
318,C (ctrl_sub022_music),64.2623953800095,22.099492808258,85.1272598542689,14.2165098021158
319,D (ctrl_sub022_music),39.4088892482328,36.0777533182792,13.1930050620019,94.5317288297117
320,A (ctrl_sub023_music),36.9092731267962,25.937788471253,0.237989585831144,4.98741631328593
321,B (ctrl_sub023_music),7.5611717952504,76.5327545407524,16.6681059464097,63.7910374215647
322,C (ctrl_sub023_music),58.8985893867494,44.4824689093102,98.1692986605251,22.1331068806837
323,D (ctrl_sub023_music),72.8844858102524,48.8179006836575,48.3179546116077,91.3566923023299
324,A (ctrl_sub025_music),88.3255133940005,9.38474228460376,25.7908278263978,72.3525977335407
325,B (ctrl_sub025_music),32.1186518651072,22.7552875907977,3.3528095132108,0.405123843513834
326,C (ctrl_sub025_music),43.3036535759853,57.1904496580784,97.1749627949012,19.6737091250634
327,D (ctrl_sub025_music),25.1852148840393,76.1901528411547,30.6796208029606,79.9738441681155
328,A (ctrl_sub026_music),82.516080808823,12.2031137037287,22.8275237476357,80.3776309092863
329,B (ctrl_sub026_music),0.187006291823683,14.1601772239964,36.802907176667,12.7186685731886
330,C (ctrl_sub026_music),58.6619445588823,59.0017883069335,97.5740533726519,33.8739984665617
331,D (ctrl_sub026_music),49.9746121636444,61.4766605407496,37.4778872952375,94.5447692962664
332,A (ctrl_sub027_music),89.7067206806854,31.2708569496519,78.0306976070188,48.0434032961246
333,B (ctrl_sub027_music),15.6069788458159,86.4354279091653,32.2308196266829,66.1505417275077
334,C (ctrl_sub027_music),5.21052457706277,60.0978507059053,69.9853743025279,1.71279861496401
335,D (ctrl_sub027_music),29.0647722486589,4.18976432587146,0.0031798629743929,73.2616820761168
336,A (ctrl_sub028_music),92.4909113063983,18.3609017560849,39.6067917750376,75.2030897478917
337,B (ctrl_sub028_music),0.110076841940964,82.6488113635913,28.6595386585178,10.3011826614496
338,C (ctrl_sub028_music),54.3484042522174,25.3805740783048,89.8582838841964,9.42618285498485
339,D (ctrl_sub028_music),23.4276596323169,34.6598798919847,5.43362976474021,88.6329609759395
340,A (ctrl_sub029_music),92.2800875907278,0.953903230684081,27.3211689248462,39.7850834429617
341,B (ctrl_sub029_music),4.1377108242369,88.6732805910288,25.9748399183334,44.4690556653159
342,C (ctrl_sub029_music),50.3024283466841,55.4818343965292,97.9472652674426,23.7170173340305
343,D (ctrl_sub029_music),52.8828342546182,24.4668076696974,12.6734031081792,96.652668188598
344,A (ctrl_sub030_music),70.4195929362811,29.2790194009511,90.3086314640341,21.701809003321
345,B (ctrl_sub030_music),45.0371046826245,83.1337761984804,82.9397650143033,51.3900998387146
346,C (ctrl_sub030_music),17.5190644270386,43.1205837317272,83.1859906414953,1.89466470634047
347,D (ctrl_sub030_music),71.0443065695816,52.3560700796422,50.5464440167206,90.4469476069969
348,A (ctrl_sub031_music),72.7385101077354,6.7372921795151,12.1891194768019,78.1016680130686
349,B (ctrl_sub031_music),0.0673900036971835,66.5957707897318,42.2492853939898,0.849046576264254
350,C (ctrl_sub031_music),77.1126720103677,54.734840061665,78.6873411392793,64.5077403619775
351,D (ctrl_sub031_music),15.8123093071814,68.0079307918035,17.9908121417225,75.7307402136835
352,A (ctrl_sub032_music),73.545140207551,55.8923072800879,85.0301507584222,55.711296582662
353,B (ctrl_sub032_music),9.35345738183733,65.5372310290218,12.6227482674527,68.3375917777927
354,C (ctrl_sub032_music),16.0954764406186,43.6523507877525,80.3152260422828,1.97442745510749
355,D (ctrl_sub032_music),81.9741639755871,21.004396963775,31.5720613313441,83.2924579022997
356,A (ctrl_sub201_music),7.04803978184362,24.1035829857753,3.6964369828994,19.872557997592
357,B (ctrl_sub201_music),8.44964173099493,96.4812101405382,56.2842814000571,28.1666782651553
358,C (ctrl_sub201_music),78.5753062609213,50.1415884433442,81.9216073017125,57.3106496692821
359,D (ctrl_sub201_music),55.2121664875522,20.6339043216259,11.7375347624241,94.7362630943114
360,A (ctrl_sub204_music),91.698839961574,25.7406268530632,54.7347133962118,66.9964533021969
361,B (ctrl_sub204_music),63.1128117543551,63.1589324594913,58.2595642332197,82.7655022835539
362,C (ctrl_sub204_music),45.5932590411041,80.8563900166128,78.6857844733884,54.1141761681955
363,D (ctrl_sub204_music),54.8188794473021,33.6533566258304,20.1915306624766,96.4938876082344
364,A (ctrl_sub205_music),97.1582994982455,15.2993372185184,52.4559535525684,55.2311679376183
365,B (ctrl_sub205_music),35.6550398882335,86.216386372781,56.6065172006079,69.499897540928
366,C (ctrl_sub205_music),46.8548505044725,71.5548821557898,92.8447366008854,35.8416188461623
367,D (ctrl_sub205_music),75.6941775018282,47.6145874469058,52.6363716923636,86.4523637706593
368,A (ctrl_sub206_music),46.0344729652816,3.40454930250225,25.2267427715161,0.0162836286235376
369,B (ctrl_sub206_music),21.5875867927543,24.3616487032699,7.77046115781005,11.7277776376167
370,C (ctrl_sub206_music),42.9880954823878,58.9424091934313,95.852929764488,21.3006428049135
371,D (ctrl_sub206_music),57.369273900611,49.9175777563697,33.3761510828681,97.7524422867671
372,A (ctrl_sub207_music),66.4924489741311,1.93765800414444,22.8321191827442,6.43008160737492
373,B (ctrl_sub207_music),23.1222324107786,92.5643947711783,77.6459509846486,33.7318644804305
374,C (ctrl_sub207_music),88.3466112890108,28.7540661338178,44.8461217219481,82.9943647149168
375,D (ctrl_sub207_music),18.4724956893365,39.6331789530686,5.5315501393718,84.4880096870726
376,A (ctrl_sub208_music),52.3824344396265,4.17719364110395,65.1504414527345,1.70705287312507
377,B (ctrl_sub208_music),2.42042757534481,89.4240704692849,27.4527655003428,35.6961220061561
378,C (ctrl_sub208_music),48.2192300569852,73.4617813912016,91.5689861968377,39.7564068984272
379,D (ctrl_sub208_music),65.497803856739,28.6275845474197,22.7722202264146,96.341810274929
380,A (ctrl_sub209_music),58.7420962255952,42.6767338372834,96.3576824661112,21.6169776795299
381,B (ctrl_sub209_music),22.0642999688158,96.4580543664157,63.7588220439995,47.1134857543731
382,C (ctrl_sub209_music),0.003970278752872,24.0223958691289,43.8686861031597,6.46913368443665
383,D (ctrl_sub209_music),57.6818019564043,33.1642033873319,20.8096453410263,98.3385551406381
384,A (ctrl_sub210_music),69.9780032667207,0.110086396075154,36.5415807933789,5.94692080484802
385,B (ctrl_sub210_music),15.316722945511,95.8158784678869,67.0053226843328,32.0547754322901
386,C (ctrl_sub210_music),86.0046384100502,39.5865583322013,61.7438752954421,73.8950159719331
387,D (ctrl_sub210_music),16.3634230574258,5.9819336389602,0.551280349529338,69.4996590770093
388,A (ctrl_sub211_music),71.0382745508817,0.28421820275847,5.64464602823718,43.7431792513508
389,B (ctrl_sub211_music),58.5649684519915,58.8089186810301,44.3317415699449,92.0289722738579
390,C (ctrl_sub211_music),50.1174877774344,51.898386704705,96.9147161175672,21.6947832844676
391,D (ctrl_sub211_music),0.0055414167264603,15.5122455176903,3.47650361058254,40.9411406690252
392,A (ctrl_sub212_music),80.4506446179806,5.71260984308211,17.6807435859068,69.032669720895
393,B (ctrl_sub212_music),8.59883068718443,15.3430207612249,7.05147664224624,15.2810022214604
394,C (ctrl_sub212_music),42.8327916167721,85.5735375702994,77.1183657527445,56.2477225018245
395,D (ctrl_sub212_music),20.6380002708499,19.8105213231898,1.10045823449047,81.1624862431462
396,A (ctrl_sub213_music),82.4424307076979,39.6954822282021,51.1948824033496,84.8633932840261
397,B (ctrl_sub213_music),0.650312939235111,86.1384038935811,36.754376172739,15.3205073795646
398,C (ctrl_sub213_music),53.1992640306405,52.2413312196908,98.1087301559839,23.6088774902642
399,D (ctrl_sub213_music),10.4359486427743,47.176254169689,4.78520647655238,76.3276859882263
400,A (ctrl_sub214_music),61.2317942362993,0.718970645450245,3.65514095867633,63.3469523753147
401,B (ctrl_sub214_music),23.4139215678463,83.178220330755,82.1648955091303,24.976770392022
402,C (ctrl_sub214_music),85.9886657253319,42.1090978342156,62.7492913118325,76.458025836632
403,D (ctrl_sub214_music),6.09334613531172,39.5955184679364,1.4478950624825,69.9840437809282
404,A (ctrl_sub215_music),59.8181750019463,0.0551058502757003,45.7228481727325,2.15230447731263
405,B (ctrl_sub215_music),43.6502724759864,70.1555444948689,95.8637891985367,29.5297520883987
406,C (ctrl_sub215_music),0.193876751621276,16.8908198069281,37.6112994181943,10.6607182296022
407,D (ctrl_sub215_music),80.4338384132326,40.0240701509976,48.6785145371543,86.7614594345444
408,A (ctrl_sub216_music),96.7825773927666,16.0978496208197,45.4717218802937,65.6640257934294
409,B (ctrl_sub216_music),1.17025021284718,88.6584711003909,37.5405514175425,18.8038954201253
410,C (ctrl_sub216_music),59.3419145627438,24.4068972008282,87.7584239833317,12.2157753862096
411,D (ctrl_sub216_music),57.654519550062,62.6644559368297,53.7835116035357,81.1301368612178
412,A (ctrl_sub217_music),84.0915888703631,19.9607672057048,31.0282105524326,84.4332082187287
413,B (ctrl_sub217_music),52.4243139687281,77.2189131700708,64.6684101035101,75.4684893855629
414,C (ctrl_sub217_music),8.45623266847257,64.4907494894473,74.8919304927141,3.98449618676689
415,D (ctrl_sub217_music),4.58712799236107,24.0331699990077,0.0140682859637196,64.3441735962723
416,A (ctrl_sub218_music),84.01113507252,8.7930791212216e-05,15.6643187439773,38.7025837875457
417,B (ctrl_sub218_music),0.0078848430155362,79.0705733632565,40.7129546837651,5.19780743351616
418,C (ctrl_sub218_music),64.2871636395889,54.4506483923867,95.8358656840748,36.2581006585241
419,D (ctrl_sub218_music),43.9060950699768,44.2825296781081,19.8011019949727,97.4492509113088
420,A (ctrl_sub219_music),92.5179072065443,10.7438270857475,63.8728104789926,31.0194499836283
421,B (ctrl_sub219_music),20.9181365582182,91.8665503480354,73.7461038005776,33.0828660442564
422,C (ctrl_sub219_music),68.4898379814007,59.8984030962026,87.864654003147,52.0089754940131
423,D (ctrl_sub219_music),37.0643220764928,81.6792630513674,47.5968150980164,79.9358077072532
424,A (ctrl_sub220_music),91.695390513136,11.0179140113809,59.9639827661737,34.3603658479996
425,B (ctrl_sub220_music),0.138439049764554,73.2201895440537,31.8263382473008,4.94785301474715
426,C (ctrl_sub220_music),55.9991478552511,72.1272407140236,66.2339553951208,72.9870966196431
427,D (ctrl_sub220_music),10.4425176325388,56.0666702629818,10.3400248663096,67.1689657822008
428,A (ctrl_sub221_music),92.2150332385673,1.29858961555224,34.8566460355801,32.297441935863
429,B (ctrl_sub221_music),0.234025120095198,26.4848922883569,1.44742655618291,41.6555095807569
430,C (ctrl_sub221_music),27.1055003305508,67.3925099075405,92.686024729611,14.3323497078853
431,D (ctrl_sub221_music),54.2094582518729,55.0123730329744,35.3854265641441,96.346311452514
432,A (ctrl_sub222_music),92.9806856484531,25.6332576332417,53.1001960871051,70.0486078505159
433,B (ctrl_sub222_music),8.45784287606339,60.4578053957038,5.85304076781132,4.72154764944316
434,C (ctrl_sub222_music),29.2681938369436,57.6588833580124,92.7707345709108,11.211041009962
435,D (ctrl_sub222_music),29.0851922971777,35.337485005355,8.23341775154192,90.0444142909626
436,A (ctrl_sub223_music),76.0293045166452,50.8763679479884,66.2678859141299,72.6750222247619
437,B (ctrl_sub223_music),35.0319321124527,80.8842495630269,81.2675303127558,38.3666225021061
438,C (ctrl_sub223_music),0.388576323512528,5.82408861468738,28.4473801298562,19.3358167483683
439,D (ctrl_sub223_music),54.5359158327278,18.7982371475678,11.4387781621521,90.2994641991281
440,A (ctrl_sub224_music),96.5597706748935,23.0107917625793,66.9168516291273,52.6040503058987
441,B (ctrl_sub224_music),16.9005355052931,96.66365346813,69.1634645848239,33.6205701592051
442,C (ctrl_sub224_music),2.94829602384103,13.2801797331104,52.3836933397266,6.33657870842763
443,D (ctrl_sub224_music),38.0326714319564,25.9246534359867,7.27306597482915,93.9135066886517
444,A (ctrl_sub225_music),63.3776140374294,0.153790843803735,38.5243757084584,2.9300417683422
445,B (ctrl_sub225_music),4.57283360106842,95.7686708603752,35.0244177609139,38.7746316086904
446,C (ctrl_sub225_music),1.03182420217858,6.43538629418127,27.5712963544574,21.3529369774799
447,D (ctrl_sub225_music),80.7044793489825,43.2020369796417,52.6087423636471,86.0181629961874
448,A (ctrl_sub226_music),85.0695807788911,41.9715985736775,67.1529564345573,69.6459407172015
449,B (ctrl_sub226_music),15.9915664245509,37.7882570071354,0.367146733167148,7.10253613563166
450,C (ctrl_sub226_music),27.5708024029081,54.9146005648707,92.0468125121853,8.99273171580291
451,D (ctrl_sub226_music),47.156898832074,27.0397005132875,11.4763428875056,96.5020719728659
452,A (ctrl_sub227_music),44.8306125512084,1.7361409317998,56.3448176746683,0.282705222335111
453,B (ctrl_sub227_music),0.058865576826724,59.5467775923029,49.9781394969811,0.131023103245666
454,C (ctrl_sub227_music),69.9349515062081,61.7023996977681,71.9374183562495,72.0392469132815
455,D (ctrl_sub227_music),39.7019493487033,11.8092619047888,2.65892881103178,86.544714143645
456,A (ctrl_sub228_music),94.2569416919577,24.982769933177,63.9475812479674,56.9098106105953
457,B (ctrl_sub228_music),0.366059515189021,47.1381626720602,54.109858458408,0.22200676691953
458,C (ctrl_sub228_music),8.87235535025876,0.000142843642858,35.2543014082825,11.8786657478237
459,D (ctrl_sub228_music),33.045344042322,86.6766391567767,52.7076981009605,70.6658515302214
460,A (ctrl_sub229_music),92.0633389125428,33.6198889302893,67.861257012295,63.955173748882
461,B (ctrl_sub229_music),16.1028542850991,76.0035583813098,24.0458875155356,71.8627546046999
462,C (ctrl_sub229_music),30.0601760304394,82.8363283087659,84.4191856289755,31.2872867799982
463,D (ctrl_sub229_music),59.006369648389,12.3241460832681,9.47273933961285,86.6952392080154
464,A (ctrl_sub230_music),95.051747560739,27.6295502641375,60.994234812012,65.5791843184775
465,B (ctrl_sub230_music),41.5608779653132,83.4494959074641,78.7410014817294,51.069742249917
466,C (ctrl_sub230_music),5.33418459991855,31.0761440129228,64.1369216475445,0.395919750338766
467,D (ctrl_sub230_music),39.9214853380956,18.8648051283144,5.26387408485903,90.8968797572308
468,A (ctrl_sub231_music),55.4168567111459,9.5883097546211,6.50639779351514,84.721781308902
469,B (ctrl_sub231_music),7.21448677509798,90.69917764207,41.8776696530934,35.2236838210077
470,C (ctrl_sub231_music),79.5835267440093,23.0944113396143,83.5385697686478,25.5822433191571
471,D (ctrl_sub231_music),57.3441851890778,63.5124015593005,49.6210507270472,87.8387519186636
472,A (ctrl_sub232_music),66.9678815306787,1.36977235971498,6.4389903736023,63.9326220974293
473,B (ctrl_sub232_music),59.5510136999476,66.4905413858017,69.757708834792,67.163192115439
474,C (ctrl_sub232_music),31.7251699966508,29.4652446949436,85.3379685007818,2.9366787091196
475,D (ctrl_sub232_music),3.96738555368293,47.3986797011371,3.5006264514334,58.563065279141
476,A (ctrl_sub233_music),40.2087586210208,0.868209081598795,0.0385235601620319,45.5040352777646
477,B (ctrl_sub233_music),9.75853615558359,93.5759743180638,49.9952638978416,34.944621331503
478,C (ctrl_sub233_music),84.2443683510202,41.3169775500177,77.5633997220104,56.6120909665768
479,D (ctrl_sub233_music),38.0571436460578,40.6665817815325,14.6547422413444,95.2237237532104
480,A (ctrl_sub002_restingstate),93.9843364181415,9.08443777662813,38.2537853218006,56.3484304221289
481,B (ctrl_sub002_restingstate),9.84505768299565,96.1499645396049,47.21277471617,39.8113744807531
482,C (ctrl_sub002_restingstate),67.0627069473709,62.163369281871,66.0042181561145,76.347953982859
483,D (ctrl_sub002_restingstate),0.372101132581933,17.1124000157295,2.20917343439562,48.8006457400164
484,A (ctrl_sub003_restingstate),60.0957587444534,0.610881245066277,32.1181004037124,2.79442877850958
485,B (ctrl_sub003_restingstate),9.92970181892839,68.8170091406944,14.7003265535236,68.2378575575982
486,C (ctrl_sub003_restingstate),52.8635130337143,73.6074747575734,86.0397620560064,49.6844510562996
487,D (ctrl_sub003_restingstate),56.4465616995369,5.68771028576824,4.87040469843854,79.4961322569543
488,A (ctrl_sub004_restingstate),72.9683591790426,53.1655209575198,60.4355560838646,79.705752667954
489,B (ctrl_sub004_restingstate),0.379979888498546,53.2306720418834,3.72894408211127,40.928503191174
490,C (ctrl_sub004_restingstate),28.1918912699889,88.9654748633081,73.6011180818607,41.8786458281647
491,D (ctrl_sub004_restingstate),40.0215684965294,40.5319662290172,16.3387167519227,93.7802898297503
492,A (ctrl_sub005_restingstate),94.4662000287776,22.6463026229854,65.3347934814767,51.8726564327413
493,B (ctrl_sub005_restingstate),23.3236806126196,85.2350515374499,81.9501604055475,26.2841256255753
494,C (ctrl_sub005_restingstate),70.6399802725048,61.636554009601,70.6042717188962,74.5226629444427
495,D (ctrl_sub005_restingstate),61.4008915928664,10.9664534076614,9.67691146445757,85.5202594281289
496,A (ctrl_sub006_restingstate),74.3923748968691,13.2460565391571,76.7856248074857,15.0681219790426
497,B (ctrl_sub006_restingstate),15.7570335770789,47.3654002883709,7.69336319545927,0.230330000485496
498,C (ctrl_sub006_restingstate),26.1337560457656,90.9424535472678,81.2430547540848,34.0965809443797
499,D (ctrl_sub006_restingstate),49.93767845913,34.2390266428072,16.7126145510227,98.9706771692306
500,A (ctrl_sub007_restingstate),97.1753026564102,7.42873935039168,43.1316509743093,48.1118643543531
501,B (ctrl_sub007_restingstate),0.296336898749029,77.9210973969375,18.5652137628007,15.1078183748383
502,C (ctrl_sub007_restingstate),42.512072698817,74.631305893639,94.2059406661184,32.6103020204107
503,D (ctrl_sub007_restingstate),64.5492027761403,53.4483437564049,44.3417806040389,93.2618153772028
504,A (ctrl_sub008_restingstate),85.8302759027602,35.3182557850858,72.4086374210442,55.5131663275599
505,B (ctrl_sub008_restingstate),55.2276208008837,73.1624713604899,73.2875683196328,64.856003026686
506,C (ctrl_sub008_restingstate),29.1474701879505,54.4525252048338,89.4170799244966,10.9091235140321
507,D (ctrl_sub008_restingstate),65.6957151393579,31.2011023239203,26.5423642885249,92.9835092290582
508,A (ctrl_sub009_restingstate),73.748221142762,45.2058843786964,88.7286262544074,41.1883629998945
509,B (ctrl_sub009_restingstate),13.9135304495718,78.351329131519,76.0634212414496,14.3462816956147
510,C (ctrl_sub009_restingstate),21.0061442849321,8.34471716463819,63.552097462139,0.647624508436489
511,D (ctrl_sub009_restingstate),49.4870426247407,57.6004320226017,34.2564539959617,94.4756038154328
512,A (ctrl_sub010_restingstate),90.4589399498219,3.03657342502371,24.9199278942445,53.4099496225789
513,B (ctrl_sub010_restingstate),10.2224296879844,83.3334839727884,71.5512275380752,14.255511885852
514,C (ctrl_sub010_restingstate),69.7546849808442,63.7636381197247,77.9770634674291,67.4312403885752
515,D (ctrl_sub010_restingstate),15.6781906359922,79.1881013329981,25.6681876787383,71.0287251166876
516,A (ctrl_sub011_restingstate),82.895962537429,0.207069734732448,23.3553929690897,21.2696829537736
517,B (ctrl_sub011_restingstate),12.3790233071036,97.7503493640845,46.931062652458,47.2334478062332
518,C (ctrl_sub011_restingstate),84.7264567939089,41.0546591276734,82.7450812574883,51.6344130728574
519,D (ctrl_sub011_restingstate),56.521429286774,14.1369878554033,9.44599676673178,88.1308353626652
520,A (ctrl_sub012_restingstate),87.5428524944978,42.9321845589598,69.9289718123936,70.4343701332369
521,B (ctrl_sub012_restingstate),28.267667305798,95.4220391809981,65.8711490028996,54.68128020724
522,C (ctrl_sub012_restingstate),53.1776986463732,21.1207940671626,87.0029187378045,7.12748332633168
523,D (ctrl_sub012_restingstate),23.4806339729901,23.6191354981579,2.1384445832215,87.0382406198443
524,A (ctrl_sub013_restingstate),78.5827217863668,38.7813538389686,44.4071791055445,89.4811344471716
525,B (ctrl_sub013_restingstate),36.4915657957054,86.1788429051538,85.0101242051782,41.2156311579128
526,C (ctrl_sub013_restingstate),68.9696331476874,0.505249428963695,47.4750598200496,6.33733333934317
527,D (ctrl_sub013_restingstate),27.0506248548775,19.3381698468505,2.06694032293935,86.0118811552823
528,A (ctrl_sub014_restingstate),88.929302655349,35.5266046724388,61.7600056242988,71.1755826247917
529,B (ctrl_sub014_restingstate),0.349842400829565,88.3537783591982,33.1295025518327,17.2827894603476
530,C (ctrl_sub014_restingstate),50.9298374317133,23.1185503150427,85.0463433874359,8.1299311546059
531,D (ctrl_sub014_restingstate),38.9817877112364,61.1181406115601,28.3396805802093,93.2770457168126
532,A (ctrl_sub017_restingstate),81.6964675941167,4.12788499060886,17.2230902166308,64.9287819643208
533,B (ctrl_sub017_restingstate),12.7650710265914,80.2894307509288,24.2563357911175,67.31756108814
534,C (ctrl_sub017_restingstate),8.66534286626483,22.9764460949224,67.6247322198861,0.941327074565864
535,D (ctrl_sub017_restingstate),74.7869070382422,54.9790625970453,85.5872795370859,55.4598663891958
536,A (ctrl_sub018_restingstate),73.1658281313763,20.8818319637845,27.9829193425459,79.0854749694025
537,B (ctrl_sub018_restingstate),17.3877951048023,37.5283902195999,6.43305382519055,74.4353673105681
538,C (ctrl_sub018_restingstate),59.4878549132534,66.4977741055708,82.1070425007304,54.1853683216927
539,D (ctrl_sub018_restingstate),31.894638550949,0.536161767529895,0.0305014716337895,59.2848521060607
540,A (ctrl_sub019_restingstate),79.8477073896935,45.4815308330638,57.5618189694062,81.3225062863641
541,B (ctrl_sub019_restingstate),14.5114105739736,93.2293328881359,66.067484877808,29.8301297836583
542,C (ctrl_sub019_restingstate),80.306108766733,35.2309041577614,84.8749099889385,39.0707878400762
543,D (ctrl_sub019_restingstate),44.346637645419,55.3013273880306,28.7426956527669,93.9913540727718
544,A (ctrl_sub020_restingstate),94.343078392221,22.2703228687321,68.0324421108873,48.3574016560982
545,B (ctrl_sub020_restingstate),3.76389920027979,64.2061597198118,21.3171623171942,0.978263068615266
546,C (ctrl_sub020_restingstate),45.108685991968,69.1883798092116,41.9524515672448,88.5609939938611
547,D (ctrl_sub020_restingstate),0.572042809469255,12.1844468728289,3.84314984485709,49.3243034872665
548,A (ctrl_sub021_restingstate),84.2849227255131,0.878231264501969,38.6908102523347,21.1012476885224
549,B (ctrl_sub021_restingstate),23.5478384133123,83.4953966840849,40.5711510121834,67.5039489904598
550,C (ctrl_sub021_restingstate),38.161745820283,57.6543987826832,95.9644509025989,16.5438701205392
551,D (ctrl_sub021_restingstate),75.1774266315463,31.5587658432643,34.5069152050325,90.1910374486617
552,A (ctrl_sub022_restingstate),91.2250379452144,3.07437148082901,40.1235597646517,33.5293287198451
553,B (ctrl_sub022_restingstate),7.86083689830976,50.9810735393479,5.20920798056826,70.9405181379687
554,C (ctrl_sub022_restingstate),59.1772400835593,72.6685870225344,84.8532737849478,57.2781027082477
555,D (ctrl_sub022_restingstate),74.8430771884742,33.554485663852,35.0235129518481,92.4250305925678
556,A (ctrl_sub023_restingstate),83.2652521749888,2.48760988436375,53.3528009331488,15.5606065436092
557,B (ctrl_sub023_restingstate),5.74227521393906,90.6358697369806,27.572674761008,49.4199761632393
558,C (ctrl_sub023_restingstate),28.3240184523318,77.0358567083803,91.0369029326278,21.5274658651647
559,D (ctrl_sub023_restingstate),84.4467527737627,31.2010217143719,42.434760170441,86.896832750934
560,A (ctrl_sub025_restingstate),88.4979301204242,0.63906562108247,21.6110946211034,42.9592233477212
561,B (ctrl_sub025_restingstate),5.14212596418367,94.8439505783039,39.7748506593812,34.5449837901474
562,C (ctrl_sub025_restingstate),60.4185994763325,37.1617309888938,95.4922719148373,18.9400625954004
563,D (ctrl_sub025_restingstate),28.3794067462598,25.7412898230104,4.04836103291676,89.9273217664268
564,A (ctrl_sub026_restingstate),88.3843854354829,38.28711906745,78.0246049815153,56.1668400356758
565,B (ctrl_sub026_restingstate),32.4311529750554,56.0803301299488,20.2618617041562,92.5279566631881
566,C (ctrl_sub026_restingstate),33.1577527021067,77.8635434890268,91.7222583294391,26.6209605027772
567,D (ctrl_sub026_restingstate),53.6276152413607,3.66060934784759,3.18589692726895,75.4196169386998
568,A (ctrl_sub027_restingstate),70.5812506019825,0.0948866146809466,5.64834856918444,56.3467471433648
569,B (ctrl_sub027_restingstate),1.558155009369,80.6472772692646,54.6383959365669,6.55840845620159
570,C (ctrl_sub027_restingstate),51.4282345462255,25.2607287933703,90.3708580996345,7.79394327913479
571,D (ctrl_sub027_restingstate),49.2831878670495,63.8955710759643,39.4499118838537,93.00212221528
572,A (ctrl_sub028_restingstate),87.0972277785443,0.558135585630486,23.7931991784125,37.8586118268433
573,B (ctrl_sub028_restingstate),59.8465084493706,72.96552780191,79.2786649220273,64.0201585173268
574,C (ctrl_sub028_restingstate),12.7691649684032,51.9754598392312,80.7193866798825,2.28467619069936
575,D (ctrl_sub028_restingstate),39.7908363826696,44.8656138927568,18.2442936778691,95.1786238899173
576,A (ctrl_sub029_restingstate),71.444594867636,34.6757458535288,32.2355391806587,95.3650220936604
577,B (ctrl_sub029_restingstate),49.1894294474085,81.8006562241848,82.8743062329883,55.5537527126316
578,C (ctrl_sub029_restingstate),66.2577211663263,17.7299082686521,83.0169293899492,12.3602818786761
579,D (ctrl_sub029_restingstate),15.3819092054851,7.45609443745449,0.395354169622822,70.1498642110965
580,A (ctrl_sub030_restingstate),80.6860621962206,50.5333221477029,77.6582547313499,64.3759321493788
581,B (ctrl_sub030_restingstate),48.6559150674104,72.3517958918172,92.7228043963653,38.4503617900972
582,C (ctrl_sub030_restingstate),29.6602877212461,39.6950595636207,89.6220988135042,4.7207544841483
583,D (ctrl_sub030_restingstate),36.2066143744401,85.743883871177,53.8860878726827,73.6072197853838
584,A (ctrl_sub031_restingstate),65.3430344645354,0.0693578217891346,3.96756867618906,56.7803729556461
585,B (ctrl_sub031_restingstate),2.72872464148109,82.6926484679672,19.2575639027356,44.8019388099605
586,C (ctrl_sub031_restingstate),49.5071801164865,37.6145163527786,94.7282955958081,12.6968117180226
587,D (ctrl_sub031_restingstate),65.3502531927841,53.9661219317575,45.4547040496763,93.2003855958651
588,A (ctrl_sub032_restingstate),92.6198754370165,6.58998154656187,37.9713908297191,48.565940319953
589,B (ctrl_sub032_restingstate),65.311384711523,66.6014941778594,71.7350936162148,72.4180953898627
590,C (ctrl_sub032_restingstate),20.0198310686459,46.8173275347096,84.4661215318671,3.75576474858692
591,D (ctrl_sub032_restingstate),24.2973854768866,43.8626504461042,10.0582775532559,87.1188014931327
592,A (ctrl_sub201_restingstate),90.245499339255,4.30522134616468,23.8306763344976,60.6280150834518
593,B (ctrl_sub201_restingstate),19.2208691258384,96.7763251204183,56.3587682627041,49.9941735626995
594,C (ctrl_sub201_restingstate),52.6243459729432,25.2469423157869,89.8245345606158,8.49869875197546
595,D (ctrl_sub201_restingstate),17.5141994373067,42.2241599006774,5.85042006816833,84.5362328711452
596,A (ctrl_sub204_restingstate),56.8233240895226,6.63388863687904,5.52200130095919,11.4957610942018
597,B (ctrl_sub204_restingstate),11.1806756345958,93.6212468926569,46.4864123566944,41.7999785247796
598,C (ctrl_sub204_restingstate),5.96929293842688,29.8275067647971,64.6562721354086,0.402123030633831
599,D (ctrl_sub204_restingstate),72.72333653214,47.6466798408414,90.5448181978725,41.3180128634399
600,A (ctrl_sub205_restingstate),93.4249571327377,28.9530675556099,59.8140975383315,67.6447474114634
601,B (ctrl_sub205_restingstate),2.38044576259299,87.8099053234323,29.1559342536515,32.1653506041679
602,C (ctrl_sub205_restingstate),53.2041826986902,64.7861502740323,95.4151127017856,34.9973477976869
603,D (ctrl_sub205_restingstate),49.009344523246,79.4445952211081,64.7345468359993,72.9098137297083
604,A (ctrl_sub206_restingstate),87.0351002697707,15.9773394745058,64.8059344171536,35.4465776305391
605,B (ctrl_sub206_restingstate),1.45954238266465,65.4449215927414,11.6383441809186,11.2246424380385
606,C (ctrl_sub206_restingstate),38.7664608373021,66.8216108843491,91.2002422890876,25.4574112821732
607,D (ctrl_sub206_restingstate),67.5095806352659,42.1207199083289,36.6325976964608,94.0584767792535
608,A (ctrl_sub207_restingstate),85.9487147074762,1.367482677328,41.7914313802261,21.7849633179976
609,B (ctrl_sub207_restingstate),8.31946968652938,41.0141916029976,2.63066562463375,72.0690605663141
610,C (ctrl_sub207_restingstate),29.6908746159991,77.0837682204179,91.2837879813604,22.8000725333927
611,D (ctrl_sub207_restingstate),79.4571379637079,41.6317124738653,49.0893834716648,87.6136305491093
612,A (ctrl_sub208_restingstate),71.2303821779991,1.40654811165647,7.60003646138775,65.0968097225044
613,B (ctrl_sub208_restingstate),3.39393161797425,83.5882030907637,18.9282867365313,49.2432957994708
614,C (ctrl_sub208_restingstate),51.7130584586759,67.5455753794831,96.0757477045398,35.2568140104284
615,D (ctrl_sub208_restingstate),71.0153532045873,46.7464100913121,44.0672434087428,92.757737545994
616,A (ctrl_sub209_restingstate),48.7108799175223,64.9837329247884,95.2304790345174,30.9937184882077
617,B (ctrl_sub209_restingstate),23.4349398284181,93.6125016597618,51.5643949273826,61.1872655886718
618,C (ctrl_sub209_restingstate),7.89335410260574,24.4705898287428,66.5129261568999,0.788968138747315
619,D (ctrl_sub209_restingstate),58.5076346550757,17.3957031566975,11.4489048150974,92.918903662819
620,A (ctrl_sub210_restingstate),74.8619433749604,23.0035443546062,43.1770967395725,59.8744766880347
621,B (ctrl_sub210_restingstate),14.7935951205116,65.776365201176,45.6458482696414,29.4136184143601
622,C (ctrl_sub210_restingstate),53.6764609336744,52.3435455965385,97.2412025202534,24.5143226359105
623,D (ctrl_sub210_restingstate),36.5648820155173,67.2877153780236,32.2081470992986,88.6954982482526
624,A (ctrl_sub211_restingstate),75.4307705860708,12.3817820117772,70.317669647912,18.145161202354
625,B (ctrl_sub211_restingstate),0.812262632962158,62.1551201108822,34.9478181343443,0.319383028183077
626,C (ctrl_sub211_restingstate),58.2416859494092,70.7706166702744,79.7929696861319,59.3396701614498
627,D (ctrl_sub211_restingstate),24.3094769575693,76.4349758276478,30.3612250273771,79.0603760051887
628,A (ctrl_sub212_restingstate),49.7477330346526,49.9950077437715,28.4271821676442,96.0296282664561
629,B (ctrl_sub212_restingstate),2.01475112201931,48.238462836045,0.640510688608356,24.3781906006279
630,C (ctrl_sub212_restingstate),62.2792418012255,63.4486050474098,93.4564418140067,44.3232287605414
631,D (ctrl_sub212_restingstate),26.6589975708559,6.16268303469135,0.0413840338132511,73.9540999381299
632,A (ctrl_sub213_restingstate),72.8915709368794,59.2187863141593,79.8640019610009,63.7982394308919
633,B (ctrl_sub213_restingstate),11.8035627900604,96.0258820820469,55.6366938150626,35.4773141947349
634,C (ctrl_sub213_restingstate),52.2181008680626,13.8703424646213,79.8210448200035,4.43578777946628
635,D (ctrl_sub213_restingstate),63.5971469400691,23.0006760598552,17.9905215232789,94.0271764437239
636,A (ctrl_sub214_restingstate),35.8208995654869,3.99159708770495,0.99554985099665,37.2643018085642
637,B (ctrl_sub214_restingstate),19.9898665679524,82.1152864507993,32.4050229564291,71.7210654899735
638,C (ctrl_sub214_restingstate),72.3847533754541,58.3433359029107,83.9702342130868,58.1299018581254
639,D (ctrl_sub214_restingstate),84.0976774329616,21.5924907245496,32.4730205921119,85.2841378506926
640,A (ctrl_sub215_restingstate),44.8689574084491,7.16336566790109,69.6209451612968,1.06552318653298
641,B (ctrl_sub215_restingstate),0.507955497318144,46.2250896929995,54.7080269086633,0.212027163134164
642,C (ctrl_sub215_restingstate),56.9995276532187,66.3189185577045,92.8422604893567,41.9627680649426
643,D (ctrl_sub215_restingstate),80.4516887474164,21.5792178421256,30.9417663452551,83.7323222834764
644,A (ctrl_sub216_restingstate),78.5349496427029,12.4774468981856,20.3995812329293,81.8844499976287
645,B (ctrl_sub216_restingstate),3.30710155285501,93.0301773633324,48.3905848743839,20.0583716461572
646,C (ctrl_sub216_restingstate),61.6056870446671,33.3991831785331,90.9655352310345,19.2099492170804
647,D (ctrl_sub216_restingstate),73.9713703235831,52.9799113314284,68.679121697992,70.2698909780814
648,A (ctrl_sub217_restingstate),73.86192637284,58.0954453487723,76.8184197624882,66.8619335336643
649,B (ctrl_sub217_restingstate),7.57160304742757,74.3151581839134,17.9525998517991,58.6736896266636
650,C (ctrl_sub217_restingstate),43.4287262837643,6.18603585896646,67.0997227612868,0.780151527564779
651,D (ctrl_sub217_restingstate),63.6089036150975,17.0000865063556,13.9249041333811,91.4244180532223
652,A (ctrl_sub218_restingstate),70.8396388847812,15.629573242856,80.9990376688579,13.6587427693891
653,B (ctrl_sub218_restingstate),4.8096044108049,89.1943704096716,58.9584156595877,14.7839669387586
654,C (ctrl_sub218_restingstate),61.2871744798284,72.7880630807192,75.9626897194311,69.2086493716861
655,D (ctrl_sub218_restingstate),69.3857427705224,8.29084297626897,11.9053669438728,80.2873449407647
656,A (ctrl_sub219_restingstate),87.4636012030459,40.2209353149324,74.921287313554,61.071637002735
657,B (ctrl_sub219_restingstate),6.76658852254001,95.9644970626735,51.4354449010636,28.1616427316047
658,C (ctrl_sub219_restingstate),43.8125451927499,76.2450414743763,90.0872661571915,38.2800779088428
659,D (ctrl_sub219_restingstate),45.09821465649,78.0010193214773,52.9109641915913,81.400274102745
660,A (ctrl_sub220_restingstate),88.751384300379,22.4873360724037,71.1059047612764,41.1700682936763
661,B (ctrl_sub220_restingstate),3.87661571638837,75.4363708795145,23.1982546771288,37.3346741371278
662,C (ctrl_sub220_restingstate),26.1637467599028,74.4595345791912,80.8089162418029,23.739803341448
663,D (ctrl_sub220_restingstate),45.2627932428891,34.285615128637,16.4915678031496,91.6922333115859
664,A (ctrl_sub221_restingstate),70.1359541671033,48.6664927042901,46.8221814420889,89.9736478100829
665,B (ctrl_sub221_restingstate),1.49785623932684,90.3474325869284,43.348721851153,16.4238776918164
666,C (ctrl_sub221_restingstate),62.1411022986382,12.2438525958434,77.8489984048425,7.69633986577859
667,D (ctrl_sub221_restingstate),3.89845393709776,25.8911360484178,0.0035549143914775,63.4274030804274
668,A (ctrl_sub222_restingstate),80.2850924360777,42.5080438591899,81.5348245206216,50.3932088693193
669,B (ctrl_sub222_restingstate),40.757202786291,73.6125269818048,48.7314200682254,75.5103933544959
670,C (ctrl_sub222_restingstate),8.60903158729503,80.3740636836361,62.8028803426928,15.2375284589631
671,D (ctrl_sub222_restingstate),6.7796713093113,25.9722326124777,0.173853456357984,66.2780025967761
672,A (ctrl_sub223_restingstate),73.1318949426888,34.0089589795556,35.8637670796522,89.2123453915146
673,B (ctrl_sub223_restingstate),30.0531682692515,79.7238444591763,76.7947794301222,34.8364634207627
674,C (ctrl_sub223_restingstate),72.5676349618494,56.8242262729994,88.5177033848046,52.4312584812382
675,D (ctrl_sub223_restingstate),26.779779629421,34.8716213219592,6.57284433527962,91.2624991113122
676,A (ctrl_sub224_restingstate),95.2498115429598,19.7634194109393,54.016353485816,60.4595188577215
677,B (ctrl_sub224_restingstate),7.90724103922955,88.7875688559838,57.3809276289623,21.8992991666294
678,C (ctrl_sub224_restingstate),33.6826704607708,30.5885341418407,87.7215526463628,3.54937150560774
679,D (ctrl_sub224_restingstate),55.3438989230235,52.1223651368068,35.2841613627891,94.1234837513192
680,A (ctrl_sub225_restingstate),62.2705727249833,58.5950163944761,49.3375218796634,88.8551637778141
681,B (ctrl_sub225_restingstate),2.97494613510394,69.0284757654333,9.30947119429722,11.5583577659917
682,C (ctrl_sub225_restingstate),42.1824648382939,35.1481568167581,91.8928014358867,8.25138880145488
683,D (ctrl_sub225_restingstate),6.36574224852103,5.71821788884473,2.79048960647721,57.2363000518554
684,A (ctrl_sub226_restingstate),89.1053703932345,1.59963743780453,42.0586784902982,24.456727370756
685,B (ctrl_sub226_restingstate),3.4694639317623,95.5281781192441,42.2652810026637,26.9963033461729
686,C (ctrl_sub226_restingstate),43.9644980015041,46.6791039569107,95.8396415433277,14.2569666714218
687,D (ctrl_sub226_restingstate),60.5327869144882,51.1505182076915,38.1639785851576,95.0053089346277
688,A (ctrl_sub227_restingstate),80.0726454015015,0.18197124597661,30.7718218940905,20.811663891205
689,B (ctrl_sub227_restingstate),67.0418264433215,64.8874554816256,68.2474662701182,76.8013258117923
690,C (ctrl_sub227_restingstate),83.9083891248795,21.3237380734708,34.530210736947,80.8463813773306
691,D (ctrl_sub227_restingstate),35.4412354446965,37.4118581089669,11.6299881842113,94.4737973136099
692,A (ctrl_sub228_restingstate),71.8243876413796,40.5283271547703,90.5730267882016,33.3859599497765
693,B (ctrl_sub228_restingstate),0.750691545039485,80.7484275634021,49.5395060752791,6.35540393306078
694,C (ctrl_sub228_restingstate),12.671891917759,4.12464546293233,52.7393639714105,4.49096466292132
695,D (ctrl_sub228_restingstate),58.8474711391224,56.1608102072295,42.8986756002708,91.1609145233701
696,A (ctrl_sub229_restingstate),90.8826958175726,7.90125023243247,59.4931859297454,27.9609334528778
697,B (ctrl_sub229_restingstate),28.6007165180313,61.1513338755774,22.7907590339965,85.2477500233099
698,C (ctrl_sub229_restingstate),30.1625208112333,79.7640491428975,83.7072900948028,29.8314302974859
699,D (ctrl_sub229_restingstate),76.906869891949,39.0178618799423,44.5022867490763,87.4167567596171
700,A (ctrl_sub230_restingstate),63.1257604994985,67.7422051064144,73.4668809325468,68.8618054911883
701,B (ctrl_sub230_restingstate),15.9536977301446,84.0020077924132,74.6535487567294,20.5877642506719
702,C (ctrl_sub230_restingstate),50.9625536929249,26.0418809907143,87.4498645891876,9.0661597306104
703,D (ctrl_sub230_restingstate),37.9488792981583,55.9083344422582,24.2136084796277,93.3200222959982
704,A (ctrl_sub231_restingstate),92.6199395828155,5.84381008443933,42.0249024618826,41.2643363249965
705,B (ctrl_sub231_restingstate),0.0164666524897884,78.6424848793735,30.1639546342832,11.1346284749999
706,C (ctrl_sub231_restingstate),55.4270333690334,75.7454584666661,79.1249010092705,61.4305439718748
707,D (ctrl_sub231_restingstate),38.1624149185054,46.1578340772638,18.5048587084148,93.3886746333935
708,A (ctrl_sub232_restingstate),87.2942454054131,27.1630012394234,46.5517774847014,76.083741554582
709,B (ctrl_sub232_restingstate),0.308950023887449,50.0644274790038,38.0696648834618,0.0507161064744748
710,C (ctrl_sub232_restingstate),64.1268783085814,35.5106314782911,90.7595839234616,22.7432678348784
711,D (ctrl_sub232_restingstate),16.328908813208,51.7304185832095,10.4431548568887,77.7487414339735
712,A (ctrl_sub233_restingstate),75.0797383525399,13.4755945667633,18.9386164926183,83.8781523309778
713,B (ctrl_sub233_restingstate),3.08700944591886,89.6023276948325,35.9413855220032,28.3631922486967
714,C (ctrl_sub233_restingstate),58.1205203108318,57.5300909855952,93.7353989641709,34.8527130232317
715,D (ctrl_sub233_restingstate),22.4291447781542,37.2655688305267,6.37940039041845,86.3445968437294
716,A (ctrl_sub001_video),63.7141235752273,51.9434495259891,43.153405171894,91.7998688788153
717,B (ctrl_sub001_video),7.69207516885483,9.68423029335727,17.9675539212747,23.9555106758108
718,C (ctrl_sub001_video),45.9578926466538,71.0898730161774,90.539539286238,36.2038374918402
719,D (ctrl_sub001_video),52.5005646774827,13.8906160125452,7.25727217031483,89.9297195946968
720,A (ctrl_sub004_video),68.5122162241643,63.3879802357942,78.4434347379665,65.073172884602
721,B (ctrl_sub004_video),1.71551316594254,85.5123287819562,50.6677280909028,10.5993585311743
722,C (ctrl_sub004_video),0.789944185238334,2.07778086524751,33.6095681215452,17.6293098374615
723,D (ctrl_sub004_video),49.0910531030848,25.7860527136174,11.9473100212508,95.500106944033
724,A (ctrl_sub005_video),49.9091757283041,0.0078914724408957,0.704823919656913,56.0814641759994
725,B (ctrl_sub005_video),1.45004209102287,88.0920044966019,42.5765442786276,15.831003263072
726,C (ctrl_sub005_video),48.2686628532385,38.3113390967603,94.7489728346145,12.4082785937843
727,D (ctrl_sub005_video),78.2541452606391,45.93000073299,54.1869367854487,84.9114870165183
728,A (ctrl_sub006_video),65.9169365081712,63.092873235697,65.5132157985666,76.6115432168869
729,B (ctrl_sub006_video),0.566987204589164,89.1290590064195,34.566941826712,18.1248198591011
730,C (ctrl_sub006_video),48.1776433897807,21.5379417124296,86.7392354695128,5.39755415180612
731,D (ctrl_sub006_video),25.4958835281099,3.01745397993104,0.141500153112478,69.336842255156
732,A (ctrl_sub007_video),84.0243049720391,17.8941093105157,78.2850277686253,25.5978144557638
733,B (ctrl_sub007_video),5.27408100298484,55.9797993839415,1.40483162925945,16.2665977212044
734,C (ctrl_sub007_video),45.805983886814,83.1291952549323,69.5613049557916,66.2292104128719
735,D (ctrl_sub007_video),72.5446916921677,7.89879607371063,12.9572635663295,79.6859912248859
736,A (ctrl_sub008_video),68.7083594510827,2.6414339768023,5.58558812857864,27.9619324909018
737,B (ctrl_sub008_video),53.1460699739153,74.6206188936444,89.1472238864697,48.1612645871582
738,C (ctrl_sub008_video),23.6263417332509,19.5332140059645,77.7094451547214,0.0373987442961063
739,D (ctrl_sub008_video),36.9113094952916,29.1089865234382,8.10586803361408,94.8632091192638
740,A (ctrl_sub009_video),92.1300843445081,25.7511274243826,54.3743680509191,67.9261549868338
741,B (ctrl_sub009_video),29.434525915252,92.8890154259951,72.2066585962494,48.1021895652798
742,C (ctrl_sub009_video),19.462825661726,45.6426583878055,86.6452163834561,2.67154043264025
743,D (ctrl_sub009_video),10.5299012860484,30.2753386996472,0.863907040598094,76.6246070408861
744,A (ctrl_sub010_video),64.1883314694077,56.4268319133654,66.8177897858659,64.9542030356912
745,B (ctrl_sub010_video),5.68465315636014,74.7677671046226,68.8531617433922,6.13547282668335
746,C (ctrl_sub010_video),46.837995959843,36.7672342493987,89.0426018049947,13.0112101179891
747,D (ctrl_sub010_video),48.9194885485844,24.1609502113656,11.6079879681733,92.9908061183019
748,A (ctrl_sub011_video),70.2607835406599,57.0042744252077,57.7916437149885,84.921526906607
749,B (ctrl_sub011_video),23.1112835042536,31.3835265016678,0.276675574249546,1.04514984934789
750,C (ctrl_sub011_video),72.2591036222123,31.1038262270815,90.6053954474043,24.5334417022146
751,D (ctrl_sub011_video),24.2018127344734,1.13277605677734,0.577281711373817,62.08842524708
752,A (ctrl_sub012_video),71.6239553555188,1.44766259379563,18.6590444762392,13.2125232396341
753,B (ctrl_sub012_video),13.8613468470824,75.9087057061708,78.956052612983,11.9053211772367
754,C (ctrl_sub012_video),74.0958152129875,56.8174566372534,74.451243458044,68.4251183463199
755,D (ctrl_sub012_video),13.9387327542187,34.8485879012685,2.68590201168702,80.0572429248955
756,A (ctrl_sub013_video),72.881642083138,1.13483604397998,6.7835003693557,34.8251137143709
757,B (ctrl_sub013_video),35.8866786998206,65.37369832717,29.0267587157265,91.6694991714971
758,C (ctrl_sub013_video),63.2415412828181,52.2064302305766,96.791523135291,32.7428483906229
759,D (ctrl_sub013_video),0.383612807267058,6.62621112532244,30.4269180834466,19.6079412522873
760,A (ctrl_sub014_video),75.1240626637808,0.0207470640237778,20.5831113563053,22.8987075494095
761,B (ctrl_sub014_video),0.30141430668099,59.4869372792284,13.3142003866629,11.9827563678534
762,C (ctrl_sub014_video),61.1258224283607,68.0876669261774,66.9440580699992,74.6173602874321
763,D (ctrl_sub014_video),7.82154952683966,13.6524799680772,4.64584664441453,10.5600260905962
764,A (ctrl_sub017_video),63.3396267447695,59.9264685363816,54.9656242064644,83.6993043549392
765,B (ctrl_sub017_video),2.31277108225147,50.318791346945,61.2546144306374,0.100246442520038
766,C (ctrl_sub017_video),54.0427831406327,57.4807998409498,96.2598267973139,29.5035534562744
767,D (ctrl_sub017_video),10.2316382016938,41.251818778071,3.35871008613494,74.7271449614507
768,A (ctrl_sub018_video),64.7382559694022,33.8484050810611,30.5258653687366,87.9378942005493
769,B (ctrl_sub018_video),13.5714470377598,33.7551330776451,4.66836966408416,66.4128654976441
770,C (ctrl_sub018_video),76.8135856587588,40.345361377852,83.991771795201,42.564068613962
771,D (ctrl_sub018_video),19.3132892126664,0.0104354198375796,2.2666833271044,47.3008204676948
772,A (ctrl_sub019_video),73.8669557316199,0.370320444776426,40.6647795165484,11.1520065762775
773,B (ctrl_sub019_video),0.0003831385849053,80.0743694171144,24.8389249840671,15.3615836100209
774,C (ctrl_sub019_video),73.114946037489,59.0038934129577,79.088939456185,64.7993116310771
775,D (ctrl_sub019_video),30.27714677701,8.0393536635161,0.491503820065494,77.4173048944359
776,A (ctrl_sub020_video),26.8149169750775,10.2563823787783,14.4273434373773,3.32304948239079
777,B (ctrl_sub020_video),3.34364227443333,83.5320666866966,57.0730101729433,10.4264807487757
778,C (ctrl_sub020_video),61.5306960019724,55.1990926991873,95.1791704713204,34.9529476346987
779,D (ctrl_sub020_video),59.7791939024818,13.6265148357115,10.51521202906,88.1380113590942
780,A (ctrl_sub021_video),76.0821744347422,1.43044114709827,11.0644838841861,59.8350295266275
781,B (ctrl_sub021_video),33.2416838321375,16.2109988135108,6.64783857883075,0.347201145842194
782,C (ctrl_sub021_video),66.5165165784845,48.6624823287965,89.4513172062582,37.6809741900071
783,D (ctrl_sub021_video),43.8467390471403,50.8246769903354,24.2573288833669,96.6079460488608
784,A (ctrl_sub022_video),83.7490739365066,28.3979130128258,39.4410906864754,85.9765840757201
785,B (ctrl_sub022_video),22.5922567558837,92.4046067510503,78.0157695351059,32.5635764111258
786,C (ctrl_sub022_video),38.9983115656796,27.6356860935744,87.4649327340051,4.50913135155814
787,D (ctrl_sub022_video),5.22938585171285,28.0790083376507,0.100634287293784,65.8049266424184
788,A (ctrl_sub023_video),81.715083360788,0.149630810917374,16.0332847894719,31.1893625177711
789,B (ctrl_sub023_video),13.0770427632819,83.7356794950622,28.0062994377109,64.5283251852726
790,C (ctrl_sub023_video),4.90282195753156,40.8514423393413,66.1501085798589,0.0001302243312789
791,D (ctrl_sub023_video),77.6978666733122,54.2653594233429,74.7008052208642,68.993542700623
792,A (ctrl_sub025_video),94.7812509437081,9.00800177754533,53.8680732775691,38.0890445568119
793,B (ctrl_sub025_video),32.3472216605565,22.9348495585373,1.44185777551945,8.63670571270865
794,C (ctrl_sub025_video),51.3327651046515,77.2022687399662,82.1665785834402,54.7371789300499
795,D (ctrl_sub025_video),2.13573291375367,62.0606772675285,6.79316710318697,52.6049768848053
796,A (ctrl_sub027_video),57.4670276533819,4.42977695408313,7.07927334357219,12.6683925956464
797,B (ctrl_sub027_video),0.219095529946428,70.9732592443183,15.4321454459696,26.1924596480116
798,C (ctrl_sub027_video),4.35251030717314,38.9068683103912,63.999530490763,0.0204084546306686
799,D (ctrl_sub027_video),64.6356217397625,62.4213884973188,61.4990306043798,79.4831576664157
800,A (ctrl_sub028_video),26.5844986274616,20.544281075792,0.246967142398106,0.336307637326145
801,B (ctrl_sub028_video),19.2181230891574,86.7697962245775,62.7861149355709,36.3560682666633
802,C (ctrl_sub028_video),64.3294733841816,54.2067171255891,56.9788603495966,74.6996681614146
803,D (ctrl_sub028_video),51.8299788553575,7.10312158171067,12.6383022777949,52.4183223162186
804,A (ctrl_sub031_video),77.9811279582389,16.7996909752264,23.2681225727069,85.7725841337808
805,B (ctrl_sub031_video),0.0232193330784607,33.6061701998173,45.7842340514848,3.35915888905476
806,C (ctrl_sub031_video),53.261006552843,75.2224625788753,87.3912057752955,50.3862155064047
807,D (ctrl_sub031_video),3.51348422232633,36.1838769309447,0.448708621887192,63.8516611280923
808,A (ctrl_sub032_video),96.1226132006723,4.52170055355871,33.0506524021952,51.5953129556272
809,B (ctrl_sub032_video),25.5442087312961,94.7211648281829,58.7116458691032,57.4928284719672
810,C (ctrl_sub032_video),46.5804187684468,34.5845426118682,94.7486903453149,9.24277992193352
811,D (ctrl_sub032_video),21.5932251415238,12.2141524330299,0.104902969560101,80.018648259866
812,A (ctrl_sub201_video),88.5207399359362,18.344970558293,67.2222360668578,38.059232696296
813,B (ctrl_sub201_video),5.22346420989171,91.3008573535954,35.0505807424377,37.7217393987744
814,C (ctrl_sub201_video),56.5729677306307,65.8163094941943,78.185628733001,53.903119935244
815,D (ctrl_sub201_video),48.5880446528856,37.1183071668599,18.9805400467552,95.5596252765796
816,A (ctrl_sub204_video),78.5863243018256,12.7847845051857,66.9413643712357,22.8564829381432
817,B (ctrl_sub204_video),10.9921013873692,78.4118035897372,74.1281682738301,11.8075536212682
818,C (ctrl_sub204_video),67.0321721961145,66.6333105551413,78.3719358611584,66.9591868412645
819,D (ctrl_sub204_video),37.1925332668702,19.5264376771437,4.90343204131041,89.3603054414274
820,A (ctrl_sub205_video),97.9492356243881,16.6497566206151,53.4841293708403,57.3935089187204
821,B (ctrl_sub205_video),17.7392070449812,40.6221313648716,7.35449026865514,1.54180183691869
822,C (ctrl_sub205_video),35.5186040460208,73.529670537418,92.7740090328218,25.7301089522652
823,D (ctrl_sub205_video),16.5968924482329,48.1069671109548,7.88093486583729,82.6466552494706
824,A (ctrl_sub206_video),72.9445530893473,55.062709174755,87.1650734285975,52.2332099506868
825,B (ctrl_sub206_video),8.18351985609716,94.4626131356423,37.3406594072994,46.0563268145832
826,C (ctrl_sub206_video),5.58144476532996,14.5141049953094,55.6462496843677,3.36808219172386
827,D (ctrl_sub206_video),80.2591686964539,6.47411396474331,17.0873144846358,73.0014393100848
828,A (ctrl_sub207_video),90.2772883233286,31.8801503985383,55.7213028202142,74.6691680859321
829,B (ctrl_sub207_video),21.726847316962,94.9222472644644,67.1402847010149,42.3005197019319
830,C (ctrl_sub207_video),38.3839084671286,4.03771025156835,60.0138098982164,0.171769221481688
831,D (ctrl_sub207_video),18.7097536891094,1.61258494845615,0.934855904691551,58.6944877740937
832,A (ctrl_sub208_video),88.4747647995488,5.175337061687,54.7187828405266,24.2592437707168
833,B (ctrl_sub208_video),11.9794571122581,94.6438742998296,52.6999538686621,37.8676239673257
834,C (ctrl_sub208_video),17.968073927274,36.8442999059198,80.838327357757,1.09619117435386
835,D (ctrl_sub208_video),53.2719239236602,28.5768633641036,16.7837662176582,93.4399371223376
836,A (ctrl_sub209_video),11.7120784118588,26.4861582082029,16.5251502567142,10.5000221864295
837,B (ctrl_sub209_video),25.7024075987928,92.5043053733353,66.6616510221015,47.308469305386
838,C (ctrl_sub209_video),67.1484325509581,31.6789717569054,91.7709782535312,20.8831891899854
839,D (ctrl_sub209_video),25.1840621402662,26.5874434894005,3.62417382626595,87.0578145665372
840,A (ctrl_sub210_video),74.9435811934333,0.106637383512422,7.34648754883257,45.2113585382025
841,B (ctrl_sub210_video),49.9644592788545,81.4508424345986,77.5919673648195,61.4422014022938
842,C (ctrl_sub210_video),37.0440242179377,36.8539616366237,93.0752866625252,6.09585024113803
843,D (ctrl_sub210_video),20.0252908324796,38.2875107453703,5.40980289755686,86.6229763706516
844,A (ctrl_sub211_video),81.0246561910218,6.56096499419941,18.5648273258639,70.5020702952676
845,B (ctrl_sub211_video),32.5279495755064,80.0318869911141,43.6826408811524,76.3810515694467
846,C (ctrl_sub211_video),16.4475428934032,49.221840944702,83.541257575846,2.86562252480334
847,D (ctrl_sub211_video),0.797636719589316,13.3481299904408,5.68983470613983,32.9670716487531
848,A (ctrl_sub212_video),88.2797683335643,18.7141502945447,61.7616784708535,43.5846171136469
849,B (ctrl_sub212_video),2.61425641201456,68.8195735892865,44.6095482795251,9.62308748198545
850,C (ctrl_sub212_video),1.00767784838909,3.47961055874608,35.9845398762744,14.8210161638954
851,D (ctrl_sub212_video),42.3858877352997,47.9085101228179,21.8437504147079,95.4853765788601
852,A (ctrl_sub213_video),84.6399812325127,17.8193633167278,29.6384155543985,82.8473596132086
853,B (ctrl_sub213_video),30.2954477260657,91.7983737532936,69.2134935804128,51.3729487173631
854,C (ctrl_sub213_video),35.3700195943792,34.491332154318,91.2852563711296,4.84754508780121
855,D (ctrl_sub213_video),3.20789860676436,32.3781550998154,0.161330332452314,61.6302712792196
856,A (ctrl_sub215_video),87.4258359353723,32.949227789763,75.568990416869,50.5794255966073
857,B (ctrl_sub215_video),11.4538321305808,49.4008279871184,1.55807803575413,4.76399883121633
858,C (ctrl_sub215_video),14.7542809399518,81.156549898428,78.342953351701,15.6277466245399
859,D (ctrl_sub215_video),7.76438803815829,0.0031002007960542,9.05916957066803,46.1430578090727
860,A (ctrl_sub216_video),68.6347270591971,24.7126265651064,87.4354519667387,17.8985519959608
861,B (ctrl_sub216_video),1.72531149130641,88.1379324805943,28.4376803777004,30.4137890570084
862,C (ctrl_sub216_video),0.133921118802991,23.7636633986494,39.2334430505579,6.20839402297414
863,D (ctrl_sub216_video),56.0070616357447,46.1609258963974,29.885459664473,97.0132966762823
864,A (ctrl_sub217_video),6.50210335293734,1.22735192080237,3.94568151790686,17.3768567324621
865,B (ctrl_sub217_video),33.2833149397931,66.6527862134736,48.6906217213712,56.4898047808025
866,C (ctrl_sub217_video),28.1757701230115,15.6616805291047,53.6612638493507,3.90204752243968
867,D (ctrl_sub217_video),41.6441262670201,68.874927087446,57.3943309497285,60.6277284247507
868,A (ctrl_sub219_video),74.8042471126354,1.2265409907963,22.291444326328,12.2436387470809
869,B (ctrl_sub219_video),0.351237076272926,82.2159566092228,46.298694176791,6.57236337527208
870,C (ctrl_sub219_video),75.1620988865267,44.4365879594747,92.2173768775607,38.9332053701314
871,D (ctrl_sub219_video),38.1658360356217,84.6981190779087,54.5806979311211,74.8307993914503
872,A (ctrl_sub220_video),85.1486276414504,16.1509518101956,73.9846829585909,27.0030852753381
873,B (ctrl_sub220_video),5.74568497166949,71.3343048082709,12.66682585265,61.6287838008431
874,C (ctrl_sub220_video),14.9637132836099,51.8536529581286,82.4976152335541,2.99167088858127
875,D (ctrl_sub220_video),70.3230024637732,35.4386211595574,32.071216580556,95.3510452757091
876,A (ctrl_sub221_video),45.4214345552318,17.3219855740128,3.81825310922875,1.34645734799882
877,B (ctrl_sub221_video),13.9986535272395,56.5250696188731,81.2337490584719,4.05426850473059
878,C (ctrl_sub221_video),93.3019957500042,22.8915675685316,70.2365712305079,46.3343043154785
879,D (ctrl_sub221_video),34.8876327246352,68.6501990556111,32.1647982485871,87.6875077826894
880,A (ctrl_sub222_video),45.36726993105,2.75062764928088,20.7816657309984,0.654480933307828
881,B (ctrl_sub222_video),10.4797023994472,91.2133334621754,40.1816045629652,46.046233973624
882,C (ctrl_sub222_video),35.933489142671,37.902996106527,88.687226193118,7.43648271287522
883,D (ctrl_sub222_video),81.9027280725143,26.9914983126487,37.0645390675183,85.0771788343313
884,A (ctrl_sub223_video),94.9242609744996,21.0391666170293,49.086998128937,69.0449340257195
885,B (ctrl_sub223_video),23.1996211159555,92.2912326767,46.5168590412759,66.4087762570841
886,C (ctrl_sub223_video),59.9464945338258,65.5401954772332,93.6441839138672,43.71792629204
887,D (ctrl_sub223_video),8.94311061862907,4.21862233499805,13.0226747064543,30.9517044039624
888,A (ctrl_sub224_video),60.7891284627292,56.4928631623753,95.5445410846997,35.1788799024772
889,B (ctrl_sub224_video),13.6355233878267,86.3819447982464,30.5344850649755,64.0520204735643
890,C (ctrl_sub224_video),3.84858207845231,13.3979932004418,53.1616807393206,5.15663811059311
891,D (ctrl_sub224_video),83.7658652553404,10.0481670518882,22.4483915100748,76.2628205956944
892,A (ctrl_sub225_video),58.7102111886783,9.6621083025489,3.13366959595244,13.0643550113126
893,B (ctrl_sub225_video),0.261898245379497,71.063467550754,7.91686915601169,41.956256699027
894,C (ctrl_sub225_video),26.9539447411392,74.9374253547413,90.2955782194256,19.3800835138362
895,D (ctrl_sub225_video),93.0538025916081,20.370145920015,70.9482752532954,41.4825514714365
896,A (ctrl_sub226_video),95.1496553727198,18.3772388720035,53.1140735133853,58.6812219393826
897,B (ctrl_sub226_video),26.1633166456719,36.0336432360759,0.677202944868365,0.247668360825705
898,C (ctrl_sub226_video),36.3344695930385,88.5617033099805,77.5154452197304,49.4881818680853
899,D (ctrl_sub226_video),6.76564857270372,13.8641923035965,0.685651526081738,65.9891801208714
900,A (ctrl_sub227_video),91.6944331103792,3.60826241882701,24.6308997857909,57.5328272757711
901,B (ctrl_sub227_video),48.0866821963283,68.7007794964009,96.6425485552954,32.217693410247
902,C (ctrl_sub227_video),9.715178404755,7.76069983451459,55.324729176275,4.14848210965067
903,D (ctrl_sub227_video),14.1543066743499,53.2556717144913,8.80622753866512,79.6654403736471
904,A (ctrl_sub228_video),79.9604183403549,50.8118228880072,76.8803536249269,64.7034622241684
905,B (ctrl_sub228_video),9.27674692603112,88.2111343200323,28.9094277930849,56.329615605279
906,C (ctrl_sub228_video),29.8631352456366,37.8335994489689,89.9179284533823,4.04239688350934
907,D (ctrl_sub228_video),0.244853985977564,0.0690566986197245,17.9358937332138,34.3497830795836
908,A (ctrl_sub229_video),93.6112309490222,10.8737989389311,58.2828549036404,36.9155739170515
909,B (ctrl_sub229_video),35.167547876936,71.3477507148706,36.4389191253063,83.2823969239601
910,C (ctrl_sub229_video),3.67299584529398,66.4375210920229,64.7162980706755,2.82480533801385
911,D (ctrl_sub229_video),40.4179214378424,3.20284153343645,0.578886330934802,73.8347879077106
912,A (ctrl_sub230_video),90.928884731429,32.6683517070127,56.5516540639048,75.3890025151347
913,B (ctrl_sub230_video),13.6269279162258,93.7471422347738,44.5223717727951,50.0574504722263
914,C (ctrl_sub230_video),14.7048583565326,40.4400129205475,80.9768586865141,0.770742263630094
915,D (ctrl_sub230_video),9.32934473062651,5.75006837613667,2.10248090941751,63.2084179239539
916,A (ctrl_sub231_video),85.9689611774562,29.3626415480695,43.8593460785722,82.8589829558507
917,B (ctrl_sub231_video),2.59242757151816,84.5879754611122,20.0481660871578,44.2649307380372
918,C (ctrl_sub231_video),37.7131657784231,59.1901894031552,96.7930769923861,16.6819109683745
919,D (ctrl_sub231_video),8.1441633521152,2.62744388933579,13.2072533932265,34.7641797687474
920,A (ctrl_sub232_video),78.8864599527123,2.00614369665694,15.0888465941229,56.5093408864858
921,B (ctrl_sub232_video),21.0577630890386,63.1998309172089,21.47490172678,74.630948161277
922,C (ctrl_sub232_video),25.9941365685735,16.2848689471471,73.4888575677582,0.118166034531393
923,D (ctrl_sub232_video),75.59104922984,52.7113815413427,72.0425398740633,67.650118145729
924,A (ctrl_sub233_video),88.7277500628962,37.9366560001831,71.1688093730138,63.1444908411566
925,B (ctrl_sub233_video),20.1224506300637,88.881674111852,40.6168070971749,65.3280144556963
926,C (ctrl_sub233_video),26.0270529515268,46.8521475826499,90.9915992201259,5.161877772754
927,D (ctrl_sub233_video),50.939530376408,1.09527034584416,1.37812923293488,67.6457335072752
928,A (psi_sub001_meditation),34.8625774001604,31.8674013553252,86.4576178559347,4.82845134081788
929,B (psi_sub001_meditation),40.9648612664182,71.8921342292964,84.583404843514,35.8677727058912
930,C (psi_sub001_meditation),0.468175836819908,17.2567945548814,46.6555761989286,7.37750828662795
931,D (psi_sub001_meditation),32.6779979304037,9.50376363849609,0.927901193216144,81.1541554490219
932,A (psi_sub005_meditation),82.4032369773867,15.0832357816259,76.7829905824921,21.9351674186979
933,B (psi_sub005_meditation),4.90238589334808,85.8167169096708,22.1206598492349,51.5967686676246
934,C (psi_sub005_meditation),56.6863424040006,73.6227286157492,86.7816352298311,53.4837888971157
935,D (psi_sub005_meditation),71.8946599698753,7.6540376047935,12.2768271231121,80.1468106948189
936,A (psi_sub006_meditation),91.0440444896523,15.54370682356,70.2235688197303,33.1016791113058
937,B (psi_sub006_meditation),31.4142157698254,30.7124124443553,0.433042055180748,1.95195847204394
938,C (psi_sub006_meditation),10.7077594905291,38.104374579126,75.8560588920869,0.119264321873314
939,D (psi_sub006_meditation),52.4354173890338,55.6521460002283,34.9240333140404,95.4656379248181
940,A (psi_sub007_meditation),81.8923515263964,23.5421575137804,32.6893780980476,86.4177967493163
941,B (psi_sub007_meditation),4.57941342612034,90.0871861491228,45.653638405667,24.0549397198396
942,C (psi_sub007_meditation),62.9470971260995,70.0513332500918,82.3794913797949,61.3998385924748
943,D (psi_sub007_meditation),11.8226271591866,19.8264737213649,0.0680662483078892,74.4327144444749
944,A (psi_sub008_meditation),53.7330750550221,0.908117726687916,16.2213465463811,8.4874023241501
945,B (psi_sub008_meditation),0.101779979360529,71.7899001379592,20.6408294199434,18.164815701293
946,C (psi_sub008_meditation),79.2733490776195,38.7370165146786,85.305598452878,41.8624778578012
947,D (psi_sub008_meditation),46.3608637656756,79.8054894977739,65.7374365602663,68.3224270745865
948,A (psi_sub009_meditation),58.0229707883057,13.9756370411977,77.8310524403645,7.39639912258438
949,B (psi_sub009_meditation),5.48624343042839,90.3616831702089,40.4685796983458,31.8181891729879
950,C (psi_sub009_meditation),6.96035039596778,33.8678459103118,66.0585535118971,0.0111667871661441
951,D (psi_sub009_meditation),64.0058461561128,63.3845242159555,87.4161631949629,51.201627722402
952,A (psi_sub010_meditation),77.0156455284005,0.15503698677587,9.27860895785382,52.5852244508971
953,B (psi_sub010_meditation),7.7577330593277,95.5903266213795,59.9526583084241,23.4226497895133
954,C (psi_sub010_meditation),17.4157219528607,5.24609603487461,58.1242967714098,2.34542968255942
955,D (psi_sub010_meditation),67.442301687819,62.730049289455,61.9882816081508,82.8172447011018
956,A (psi_sub012_meditation),65.2360104708972,16.4584700658828,80.5939223940279,11.7472697328091
957,B (psi_sub012_meditation),7.76208606249072,56.5621353526536,5.19423433299016,4.8730023103296
958,C (psi_sub012_meditation),33.679609450539,81.5283257542664,90.604331937272,30.3739401678528
959,D (psi_sub012_meditation),73.6656124102646,49.5105134194087,50.2309499629677,90.3621597346247
960,A (psi_sub013_meditation),80.9742155054199,3.07631954819829,14.7913757165058,64.9947602653732
961,B (psi_sub013_meditation),26.1826500920133,88.0499000497251,82.0038031995491,31.7410145637633
962,C (psi_sub013_meditation),21.7457633591894,13.5082715515785,70.2303356090289,0.112432380687408
963,D (psi_sub013_meditation),2.98637510176323,56.8489282984102,4.97473127561518,58.4936439096831
964,A (psi_sub014_meditation),77.8920131717414,1.15748954647682,17.9201367817189,18.5901368173672
965,B (psi_sub014_meditation),21.2401724728373,96.3558042099916,56.5863277844212,53.3929265700434
966,C (psi_sub014_meditation),28.925618419328,35.8110948126889,87.7388127318999,3.48924766250702
967,D (psi_sub014_meditation),85.2571619867509,36.7722985978521,50.9348332973003,83.831018923926
968,A (psi_sub015_meditation),98.8145750426302,16.0629060476877,55.5986298518513,54.4108758709356
969,B (psi_sub015_meditation),0.85718445568821,88.8622745353173,43.8489742545986,12.7475891340889
970,C (psi_sub015_meditation),38.2727465098814,39.7694607444079,94.3348890795659,7.67812190119695
971,D (psi_sub015_meditation),39.3612546309064,69.8845773697467,35.9962688220861,89.9779981166547
972,A (psi_sub017_meditation),81.8873473620715,35.3010405470355,48.9163570321673,80.6969361386946
973,B (psi_sub017_meditation),2.58297865009018,78.35483150387,60.7361752254719,5.60647438320593
974,C (psi_sub017_meditation),73.975100085227,40.4896006987019,92.7536232574453,33.6012084527152
975,D (psi_sub017_meditation),38.6272437041871,87.9242359210212,62.6603737867675,68.3358441674153
976,A (psi_sub018_meditation),53.3645136165572,0.673123579709562,3.54239292103097,53.7486055401903
977,B (psi_sub018_meditation),16.9201036371174,63.6990225536628,18.3448581227123,72.8367518027141
978,C (psi_sub018_meditation),72.2821070877944,54.9716864882236,67.3242973635604,72.2001958462159
979,D (psi_sub018_meditation),35.1013378533192,21.0884170594861,5.55970945903402,85.6310751516768
980,A (psi_sub019_meditation),76.0638059790224,38.3998528917438,41.0952380661483,91.1797172770758
981,B (psi_sub019_meditation),0.90859654945417,70.163687906237,54.577811748438,2.40034181121356
982,C (psi_sub019_meditation),47.0186177621632,47.6184523175695,97.0819616683203,16.3399393655632
983,D (psi_sub019_meditation),15.1557634261317,87.0958447906327,33.1948176673393,64.0471926027006
984,A (psi_sub020_meditation),92.4832304586131,13.5021713874093,50.8740022340638,49.1378250073309
985,B (psi_sub020_meditation),20.9728437463214,37.4090703327841,0.296154460564094,0.356639925993557
986,C (psi_sub020_meditation),48.9223469068161,61.0571232447872,93.4379955042796,29.4823270225866
987,D (psi_sub020_meditation),19.8779828554072,75.9048299298987,28.1062610104752,72.9826481568132
988,A (psi_sub021_meditation),81.8316788976361,0.0123002508024317,21.1202685086942,27.0367819870672
989,B (psi_sub021_meditation),0.026162195687371,77.3454323202994,30.2750907917842,8.49851515532179
990,C (psi_sub021_meditation),40.8004482992974,81.1315720603218,74.9283999192996,51.9477974191329
991,D (psi_sub021_meditation),79.2154191031651,51.6166720199635,69.192217655558,73.7780750830328
992,A (psi_sub022_meditation),65.7265525019044,60.5409713110748,66.5881520971902,72.1067604954866
993,B (psi_sub022_meditation),13.3704840927664,83.7834359270384,74.7668466023032,16.9978064189615
994,C (psi_sub022_meditation),58.8650549876643,39.3624566643289,94.6281459453383,20.0786858026882
995,D (psi_sub022_meditation),49.8391543711592,10.0512827683155,5.32189256871418,83.3401256451568
996,A (psi_sub023_meditation),22.3684489894535,41.4776475849536,1.43402870528703,9.37655651958065e-07
997,B (psi_sub023_meditation),15.3509191506134,98.0482498738541,53.4478011917054,46.6421808397358
998,C (psi_sub023_meditation),52.2855592047058,26.4251971452303,90.3219820826557,8.8900581390804
999,D (psi_sub023_meditation),83.2695559192201,37.2576433767502,48.4328589726257,86.1767587283253
1000,A (psi_sub025_meditation),73.892167143319,2.25572477083162,14.7848664142074,16.2305118946665
1001,B (psi_sub025_meditation),2.65224777429967,92.7486753293693,34.8756037821748,29.9766873527089
1002,C (psi_sub025_meditation),54.7617678507994,48.9062044634509,97.4408824614551,22.7579684888675
1003,D (psi_sub025_meditation),69.1704091617912,37.8475746015346,33.800771963505,94.5597309934491
1004,A (psi_sub026_meditation),84.6777407145909,36.8080569829295,82.5447549625218,46.6217726019499
1005,B (psi_sub026_meditation),8.22346471549085,55.1386540720216,73.628010760842,1.87534914156928
1006,C (psi_sub026_meditation),22.8395709552885,5.72363162478779,52.3077543808852,0.0587734725618519
1007,D (psi_sub026_meditation),58.0699255072265,48.7995271681762,33.6579749338884,96.5326452743659
1008,A (psi_sub027_meditation),87.3328093010205,21.6239286489975,74.9179382172432,35.6366642537946
1009,B (psi_sub027_meditation),12.8148032402966,88.0273027711247,32.6093864830959,60.0258195277287
1010,C (psi_sub027_meditation),1.52792484865626,52.9474876680829,59.8883014809873,0.0827854867825395
1011,D (psi_sub027_meditation),31.4577042085918,5.68190334548181,0.237807306895407,75.3020995003635
1012,A (psi_sub028_meditation),56.4524657050154,9.86774470573157,56.8905070941545,11.8842543185409
1013,B (psi_sub028_meditation),13.5078703250005,14.4495792075249,2.91313361359454,3.24899797546748
1014,C (psi_sub028_meditation),67.3646599001555,50.914540884481,89.0236826560642,40.9907568019227
1015,D (psi_sub028_meditation),38.6415003766442,59.1109018871434,30.6995112183599,85.32120526427
1016,A (psi_sub029_meditation),87.1470926346637,26.1251981100233,51.242673286941,67.6622389944376
1017,B (psi_sub029_meditation),51.0911606522714,70.9046558940751,70.3097475895287,60.7211015917524
1018,C (psi_sub029_meditation),64.9481429567925,3.91248936662538,57.7095771806855,7.65158992244234
1019,D (psi_sub029_meditation),27.4774889833533,38.9115345806355,9.00792101709266,90.1957848364546
1020,A (psi_sub030_meditation),97.1611961515022,9.53374703087451,38.4146449072768,60.1612623561649
1021,B (psi_sub030_meditation),56.0235624119397,74.3001985666777,85.0231381081407,54.9051964291755
1022,C (psi_sub030_meditation),32.7771073804424,39.810374963762,92.3083899719316,5.51940379226648
1023,D (psi_sub030_meditation),34.8777828114808,39.7791007982622,12.1813339082274,95.4507284181208
1024,A (psi_sub031_meditation),72.6563397007656,58.6709300018162,64.5629419449239,80.9062923606105
1025,B (psi_sub031_meditation),3.25702914350438,81.1384780630307,17.0585574651673,50.2280352579986
1026,C (psi_sub031_meditation),67.5683006131847,22.3608984955964,87.8631099731192,14.9438603314538
1027,D (psi_sub031_meditation),47.178147807242,1.42062686129112,0.821941806610269,70.239299768444
1028,A (psi_sub032_meditation),68.8682403295989,13.8105064046694,15.5100479746059,85.9775823053391
1029,B (psi_sub032_meditation),6.42931203891468,81.2213362626346,66.1147824772408,10.5396042997816
1030,C (psi_sub032_meditation),70.6613248734126,24.5110858791274,85.6061643924177,20.032681581475
1031,D (psi_sub032_meditation),66.2081336979923,64.7585531457485,65.8397761688851,78.7282140398274
1032,A (psi_sub201_meditation),87.0404601293329,1.14463541750425,33.9196639783068,28.9958602878603
1033,B (psi_sub201_meditation),20.1575705450391,91.5022664001282,54.4386526422622,49.6863872014085
1034,C (psi_sub201_meditation),74.9154444638273,56.2037771888106,80.1312765396376,62.3221830538756
1035,D (psi_sub201_meditation),1.53603664449028e-05,32.0238885519,0.131850420370133,43.455845462126
1036,A (psi_sub202_meditation),89.8590987362115,31.258085033986,53.366286178566,76.3107733947917
1037,B (psi_sub202_meditation),41.1272417098946,82.8482908901911,88.5316810090146,41.5288687863661
1038,C (psi_sub202_meditation),18.3034012967939,23.7108718489197,76.3217819822674,0.0068624676893608
1039,D (psi_sub202_meditation),28.6084959295311,23.5075955371702,3.67513082272137,87.9836542843202
1040,A (psi_sub203_meditation),34.8496169687906,8.54006286437691,0.130023271850513,17.9719164457599
1041,B (psi_sub203_meditation),0.0851225777065621,73.9609444510695,26.5033262326779,8.79492217192603
1042,C (psi_sub203_meditation),35.2427997069736,49.4954766277201,92.7158098241715,11.3776173751315
1043,D (psi_sub203_meditation),87.2870258138094,20.3807874075349,45.8456098308702,64.4401675416374
1044,A (psi_sub204_meditation),73.0062722534295,12.1169687794212,16.8483274601925,82.9680905663575
1045,B (psi_sub204_meditation),36.7104518105565,86.1395297048502,79.4598145344573,46.3638495560558
1046,C (psi_sub204_meditation),34.8883665340343,51.7978862236351,94.7288783633074,11.4394628318233
1047,D (psi_sub204_meditation),72.8257985690551,59.8486513734954,69.0052316635548,76.9910253818905
1048,A (psi_sub205_meditation),95.1030924785305,6.84433313632024,45.712199953365,41.8225873715956
1049,B (psi_sub205_meditation),49.7940953766402,79.68155450958,68.2779821283494,70.0650741963579
1050,C (psi_sub205_meditation),46.8938819693291,34.6127880941477,93.0798730845909,10.0508667724136
1051,D (psi_sub205_meditation),38.5641052318995,18.2617228047736,4.63524443409169,90.1648627314572
1052,A (psi_sub206_meditation),54.7162511886189,0.901262787049551,1.4403846852946,40.2244065834338
1053,B (psi_sub206_meditation),18.3341730897285,87.279768812489,68.3137475134412,30.5507230600692
1054,C (psi_sub206_meditation),65.9736979149836,4.75231300694991,59.7589254595941,8.53441912190538
1055,D (psi_sub206_meditation),73.8125229216288,45.0675672431403,55.773820039338,76.132136820025
1056,A (psi_sub207_meditation),83.6028000399955,30.2735260946383,46.9776708028684,77.1147251316803
1057,B (psi_sub207_meditation),0.721995658167384,86.7440372191001,41.5444340779974,12.7250141890424
1058,C (psi_sub207_meditation),48.2362453269392,71.87600200714,86.9816297041075,42.2174371842064
1059,D (psi_sub207_meditation),0.826567810264669,23.4857618666923,0.431765897451278,51.024158439769
1060,A (psi_sub208_meditation),64.3977369263211,65.1472834514466,75.7825691637338,65.0932420991291
1061,B (psi_sub208_meditation),21.3395258266447,89.9101416657223,76.0284018310202,30.7321077167213
1062,C (psi_sub208_meditation),55.1359453815807,48.0537810873089,97.4899158026694,22.4212839650999
1063,D (psi_sub208_meditation),25.1855639277296,71.1909456006168,26.0134752194433,83.6544798037849
1064,A (psi_sub209_meditation),95.799138188226,12.2081092332925,39.2135140887301,64.8238096118522
1065,B (psi_sub209_meditation),61.3428755327614,68.3785220074596,89.9203965944756,50.8719361100548
1066,C (psi_sub209_meditation),20.301642816256,38.672293575207,85.491856243987,1.50296330605389
1067,D (psi_sub209_meditation),9.99541515017291,74.8720145653491,17.5757818073226,67.8804320398275
1068,A (psi_sub210_meditation),60.9576460753097,0.0630297393190127,35.5995996403968,3.82796148525537
1069,B (psi_sub210_meditation),35.6297211317433,84.0137712738571,50.2128439907908,76.0320582283331
1070,C (psi_sub210_meditation),69.7019287753439,50.1000584812895,89.1521743125255,42.1842408152009
1071,D (psi_sub210_meditation),66.8095481406336,28.1847343073606,39.2071221753209,65.4938073156619
1072,A (psi_sub211_meditation),81.5790978985959,27.357338843889,67.0406871952184,45.8157284102431
1073,B (psi_sub211_meditation),24.6001708300841,14.5266421588047,1.42777792800803,0.0978119663056253
1074,C (psi_sub211_meditation),50.2543850879622,77.3793465310679,77.4173234284855,58.2856420681551
1075,D (psi_sub211_meditation),60.155905317076,6.70158959414512,12.1575676335344,62.5676429295457
1076,A (psi_sub213_meditation),85.5404779838636,20.4611761227221,78.2677263878069,30.0761553793691
1077,B (psi_sub213_meditation),1.56452920782406,69.4984161073277,10.3756713666001,14.3790199382122
1078,C (psi_sub213_meditation),38.0287370432669,80.5780315408718,89.7437878731601,35.19558579683
1079,D (psi_sub213_meditation),39.1887307288026,56.1095723351256,24.6602755860599,94.8191458495108
1080,A (psi_sub214_meditation),81.2282549363803,0.0238378656563025,12.5180746833111,44.8904216332614
1081,B (psi_sub214_meditation),24.1807523177494,78.4838117724957,32.522836753983,76.995046416311
1082,C (psi_sub214_meditation),7.91244403911275,41.4336270840611,73.7471954340964,0.0547283107580338
1083,D (psi_sub214_meditation),83.9926022454761,45.9912077565977,72.4188009320459,67.9592595296652
1084,A (psi_sub216_meditation),84.2127699934972,0.0119212716078065,22.8458707230782,26.4835434868888
1085,B (psi_sub216_meditation),13.7969858257053,96.0493641653774,43.8823836416133,53.0578470236931
1086,C (psi_sub216_meditation),72.694161695791,34.6492892092123,86.9399429054948,30.8852431310714
1087,D (psi_sub216_meditation),66.8199408259624,65.9214151960601,71.9650028001053,73.2746661219651
1088,A (psi_sub217_meditation),34.6662846883792,12.9442533074562,28.8661338319127,20.7117262302975
1089,B (psi_sub217_meditation),12.5164733416524,60.2099993837272,30.9017228758306,37.1159229867407
1090,C (psi_sub217_meditation),63.8515871859256,54.9822049156139,75.7325887377048,53.305481150749
1091,D (psi_sub217_meditation),42.5734236498196,35.1671896348084,17.5679766723265,85.8146696355766
1092,A (psi_sub218_meditation),91.6791510809839,0.761542965442281,31.684922189035,32.3461349951145
1093,B (psi_sub218_meditation),25.8365084014343,86.2360163352119,76.6689194892769,34.0532533448097
1094,C (psi_sub218_meditation),44.682416842296,44.5291495665971,96.2049180429732,13.3154448903125
1095,D (psi_sub218_meditation),70.7138260477939,40.2410989956017,39.7127283439872,89.5379570729481
1096,A (psi_sub219_meditation),88.4618730595334,11.6931160221738,61.526339046499,31.8783039589655
1097,B (psi_sub219_meditation),1.66779492052377,88.7415736703906,38.0955306528757,20.4708860730067
1098,C (psi_sub219_meditation),21.9479387475602,90.364170399004,71.7876950683144,35.197710743933
1099,D (psi_sub219_meditation),61.757079906028,71.1292204942146,77.8042429888105,65.9837246510087
1100,A (psi_sub220_meditation),58.5021277832434,49.0465703904308,42.0475184654187,82.2104148735992
1101,B (psi_sub220_meditation),8.04826219164549,81.198520252751,53.1911186133313,20.996941142375
1102,C (psi_sub220_meditation),59.8657894928243,36.8446122724943,90.2439467282924,21.2261544646525
1103,D (psi_sub220_meditation),3.45608099918981,44.6063014515665,3.87126316690897,51.1828519440777
1104,A (psi_sub221_meditation),81.8520150240414,46.0431511687138,82.1707121157037,55.5141426064439
1105,B (psi_sub221_meditation),16.5998365282909,71.6234069272282,19.7358256898219,77.8922318445741
1106,C (psi_sub221_meditation),14.9017822167012,40.4015337366479,78.787833795414,1.1057132563507
1107,D (psi_sub221_meditation),45.1291869915878,70.8989326654351,53.180729565175,73.3548572899198
1108,A (psi_sub222_meditation),84.5155320137403,3.4562551202904,48.638001143787,22.2612055190177
1109,B (psi_sub222_meditation),2.80641153471801,63.5391445769704,11.1941600032563,7.63232212119856
1110,C (psi_sub222_meditation),53.6044598252516,68.7717437515659,92.628769951161,40.8265083759951
1111,D (psi_sub222_meditation),41.5755576318703,33.6968804672876,13.2734003936148,93.6212140901065
1112,A (psi_sub223_meditation),92.3607697819099,14.3300614129264,44.760575298209,58.4656484635177
1113,B (psi_sub223_meditation),52.4729856411246,62.8536794355008,43.4194129826953,89.6963749239535
1114,C (psi_sub223_meditation),31.9023857898276,60.4723937831718,90.1553184933624,15.8644496906318
1115,D (psi_sub223_meditation),19.0743556924645,0.0779309289880642,2.0197765176543,51.3571472079352
1116,A (psi_sub224_meditation),76.9174144054668,0.275017791171767,11.1109205746532,49.8542336960881
1117,B (psi_sub224_meditation),38.3337740981513,74.9053324783956,91.6411622215631,30.3041192844334
1118,C (psi_sub224_meditation),85.4905781891529,28.9954710679817,80.7176629904895,39.2122805782326
1119,D (psi_sub224_meditation),21.1735087823812,48.8545877400128,10.5840974997008,85.5787731241206
1120,A (psi_sub225_meditation),41.5094097247199,0.151738049665321,46.7700647021321,0.0002430490290208
1121,B (psi_sub225_meditation),19.3535486425777,63.1555107085242,17.2746230523045,80.6693141675354
1122,C (psi_sub225_meditation),60.3009939184384,63.7088649165505,93.5556431454322,42.4513819870628
1123,D (psi_sub225_meditation),66.5971779638679,1.96608487695808,6.74675253834881,66.5213675379347
1124,A (psi_sub227_meditation),92.7467982672704,11.7216875164354,51.4466240987246,45.1611402930284
1125,B (psi_sub227_meditation),35.173780885807,48.7091292994484,17.639989270526,94.1542934657563
1126,C (psi_sub227_meditation),53.8293610056025,76.8738549870968,84.6459523821918,55.0545821200116
1127,D (psi_sub227_meditation),72.6685042283828,25.9380957650736,27.7491911012336,89.7414843959164
1128,A (psi_sub228_meditation),70.743557451839,42.8063839805195,93.7986682255563,32.4860712087306
1129,B (psi_sub228_meditation),15.6841510300291,97.3685952550507,55.2101493216379,44.7386943351085
1130,C (psi_sub228_meditation),19.9319450569068,47.6300701408262,86.3043498588064,3.49548420523282
1131,D (psi_sub228_meditation),73.9828066786582,47.4257902518941,49.8024215377654,88.2689938048305
1132,A (psi_sub229_meditation),91.5621358797424,30.5538655292452,64.6592845947329,62.5267960507266
1133,B (psi_sub229_meditation),41.5846591386623,85.1138530067665,61.1725659790754,72.1765239302696
1134,C (psi_sub229_meditation),3.13316852931996,74.6135754680006,60.9091300935381,5.40913304684779
1135,D (psi_sub229_meditation),32.819113503545,0.891905354604115,0.0125967227098657,63.3253908238515
1136,A (psi_sub230_meditation),66.3989658512968,63.0698806083485,87.2210621749777,53.6159710153493
1137,B (psi_sub230_meditation),3.85480105818454,56.9063240076147,64.8585407951205,1.10796681079309
1138,C (psi_sub230_meditation),57.0546901870877,16.8897370947614,82.0308825172892,7.68794013554129
1139,D (psi_sub230_meditation),55.8028907475135,32.2711888970987,19.9529224871602,96.0621449220855
1140,A (psi_sub233_meditation),85.0481618805659,10.329458604257,24.9980042996806,73.2314047089122
1141,B (psi_sub233_meditation),24.3724428620261,60.4896444391627,19.4530652295238,83.3477553690077
1142,C (psi_sub233_meditation),63.6519007580983,67.9148608289979,86.14003689346,56.3868432726375
1143,D (psi_sub233_meditation),11.9284059003665,2.78730340674338,9.2725467554833,34.4554635263283
1144,A (psi_sub001_music),52.6783196849031,24.7969355246077,13.3202360434787,94.8299258934491
1145,B (psi_sub001_music),48.5974898402941,68.8006467013634,85.9749045993575,40.6888924120633
1146,C (psi_sub001_music),16.999569333428,36.156834950661,79.4323040221894,0.878189299943174
1147,D (psi_sub001_music),1.1587393440521,6.32641058060728,27.1248531601001,21.8881039860537
1148,A (psi_sub005_music),69.5880281545352,0.489322131705148,4.78447255671836,43.0567314788989
1149,B (psi_sub005_music),23.3902035776011,54.1123119524177,90.0682985714528,6.6358906549198
1150,C (psi_sub005_music),87.2147446972387,38.0230503013931,76.5961769910755,56.250181371071
1151,D (psi_sub005_music),40.5304202311558,62.8666732906921,30.5426603418154,93.8226997549332
1152,A (psi_sub006_music),81.0462826467257,0.340359867784728,12.1690381903594,52.0843040065036
1153,B (psi_sub006_music),7.23122394356574,69.3396595890467,73.376474464653,4.72109357252504
1154,C (psi_sub006_music),65.2774262400861,11.5904060792754,76.8018670881629,8.85465098567482
1155,D (psi_sub006_music),55.2654163672323,67.1415089853478,51.1785766146082,87.038826759383
1156,A (psi_sub007_music),93.1940991533596,23.8370928959693,48.9355254425475,72.9135249840407
1157,B (psi_sub007_music),22.3849925273466,84.4840435466428,37.2697065421956,71.0324600441262
1158,C (psi_sub007_music),52.0063853503805,71.1216989313086,90.9590887104294,42.2815960078024
1159,D (psi_sub007_music),24.3102812555733,7.84199699956569,0.0285767507907207,75.8794786440129
1160,A (psi_sub008_music),53.284734885049,0.44108054272483,18.7367458529216,8.09120974264227
1161,B (psi_sub008_music),7.52091806017162,78.5251904511989,36.873359606222,33.1486081546452
1162,C (psi_sub008_music),46.8428979461893,73.1807191945011,92.3524959875896,37.4809775615131
1163,D (psi_sub008_music),83.1326956699241,43.547290609896,65.8832224268918,71.5023977426682
1164,A (psi_sub010_music),96.8423905917373,6.44234809466746,39.0688540012511,50.1350873599423
1165,B (psi_sub010_music),6.93094719030476,93.0286662704857,59.3232361461513,20.8538711937
1166,C (psi_sub010_music),0.528538496506598,8.29313590121935,41.0870022305038,12.589506457599
1167,D (psi_sub010_music),53.3546730035568,68.1976720217069,49.5470622563706,87.944921392066
1168,A (psi_sub012_music),86.9068554210701,10.2634500390568,50.8019719845226,37.9104812550347
1169,B (psi_sub012_music),11.0981479960254,73.7230131397565,78.0680716383583,8.4106972783565
1170,C (psi_sub012_music),65.2707175673225,68.1593002599623,82.622168336591,62.049407818591
1171,D (psi_sub012_music),7.73382285734075,55.6383277563611,9.39969859226233,61.1751755504396
1172,A (psi_sub013_music),35.9128001607442,11.2835456434969,1.18221495086324,22.4067317870003
1173,B (psi_sub013_music),43.3272962402036,76.6336895913723,90.1875048142668,38.0693888844
1174,C (psi_sub013_music),68.9899195192555,1.46030244810215,52.1982034427594,7.09380907235424
1175,D (psi_sub013_music),24.5012137848763,54.7672606875124,15.2776542572387,87.3058373779375
1176,A (psi_sub014_music),46.731765644791,10.5814865835114,10.5319624508067,0.537707571439026
1177,B (psi_sub014_music),5.913828402742,87.7161119794588,48.7830543122772,23.7568649188069
1178,C (psi_sub014_music),83.780258429444,45.0277407530939,75.3824324539492,63.1225989806331
1179,D (psi_sub014_music),71.943849491893,2.32193612661669,12.6814832946679,56.5168968774801
1180,A (psi_sub015_music),84.3041136624873,0.488513837280964,38.1159530202918,19.2057748460407
1181,B (psi_sub015_music),11.1201261684442,98.9099924119401,55.5769542729342,36.1450825335683
1182,C (psi_sub015_music),49.1167982150011,49.6942182494664,96.7115016738952,19.4580247946883
1183,D (psi_sub015_music),56.4625080133526,45.3593922492736,28.9407970526286,98.3791830402349
1184,A (psi_sub017_music),85.0033431857357,35.3256278227369,50.2141557410058,82.3747749271648
1185,B (psi_sub017_music),8.37275319859889,92.5422087299435,64.4002315029669,19.9136426660545
1186,C (psi_sub017_music),58.0720498431425,42.7190498318776,97.5965110394175,20.5142040370132
1187,D (psi_sub017_music),46.7129522807485,83.8167634070278,76.1423080371218,60.9501523462958
1188,A (psi_sub018_music),82.8359221698202,27.7476825132117,37.3557461275518,87.2297796211896
1189,B (psi_sub018_music),6.80281661253122,29.5761123295615,0.833925613471576,63.1172902408109
1190,C (psi_sub018_music),60.5365888910396,65.6080572372058,77.6748987706945,58.8550775792673
1191,D (psi_sub018_music),45.5781988092331,23.9807097372488,11.3050290005215,88.0221979077323
1192,A (psi_sub019_music),93.4163973272218,2.76321884691981,39.100010773164,34.9852997563117
1193,B (psi_sub019_music),8.94974280006563,96.2729255554654,52.6261762631103,32.4226343368122
1194,C (psi_sub019_music),61.4613609698228,58.8997238159844,93.8649989741126,39.0773200479254
1195,D (psi_sub019_music),52.1697799054422,57.0957925404322,37.0224502591998,92.9065251946523
1196,A (psi_sub020_music),62.7552744683002,0.370864623220607,30.8051229425531,4.79269848922457
1197,B (psi_sub020_music),0.0351090764382329,76.3161543088835,36.2672047083687,7.00897249003829
1198,C (psi_sub020_music),33.4434089835898,39.3335847797616,80.6427429562685,9.64749639110432
1199,D (psi_sub020_music),67.5739298357333,48.0899061461346,45.0298715697811,88.5945328200323
1200,A (psi_sub022_music),56.7552802170173,4.76642734014139,15.0097622868121,3.92805322227318
1201,B (psi_sub022_music),21.1269205923586,68.3673319329036,21.9079621609411,80.2934656468622
1202,C (psi_sub022_music),35.9480481710464,71.9726982836917,94.911732025115,23.8263880762256
1203,D (psi_sub022_music),88.8526237502082,28.9559257650296,50.7770243718947,74.9435926057576
1204,A (psi_sub023_music),29.1115133151649,29.7217479585531,0.941471365994007,0.473623348032806
1205,B (psi_sub023_music),25.1832458364942,94.0091061979927,54.8242030653638,60.9075626295459
1206,C (psi_sub023_music),25.3979833868652,57.372824247433,91.9726883531952,8.61367829929923
1207,D (psi_sub023_music),90.4118668171957,30.5479883772915,54.5182806633594,74.0466180915009
1208,A (psi_sub025_music),81.8479691937567,0.204708422857364,23.119260045801,20.9306344155975
1209,B (psi_sub025_music),6.09394142467977,92.7796943182194,55.0757021334535,21.935272336168
1210,C (psi_sub025_music),77.2428228270116,49.741390354149,82.0070862147797,55.4132255990364
1211,D (psi_sub025_music),32.4188563456459,33.8255137702837,8.8537764087482,91.9419381738561
1212,A (psi_sub026_music),91.4692829772011,0.667632545425107,27.7298226429244,36.4680575686004
1213,B (psi_sub026_music),70.2769723050762,63.0418593115918,82.5946026327605,62.2974429602855
1214,C (psi_sub026_music),23.7925666901299,47.9240236648238,89.68345828806,4.69886440641231
1215,D (psi_sub026_music),53.3278307182404,36.5445304006104,20.57289320393,98.3493574764626
1216,A (psi_sub027_music),96.8296575080387,6.51807946103548,47.7866958101741,39.8999564479849
1217,B (psi_sub027_music),25.3983755569072,90.4375169285882,80.7483423244847,33.1604909698409
1218,C (psi_sub027_music),1.84295082928192,23.025710447041,55.2230067426715,3.64530308073753
1219,D (psi_sub027_music),33.6462501302342,54.318216985673,20.0840236672634,92.7882205199852
1220,A (psi_sub028_music),40.1262022946811,1.79044515048563,3.00589745410171,15.9817684967261
1221,B (psi_sub028_music),0.0763732029510858,49.5576048453851,17.6420578574583,5.84284289887399
1222,C (psi_sub028_music),60.744590191651,1.12927343066943,31.7851175528438,14.0699301610494
1223,D (psi_sub028_music),81.4062970737907,33.3350152223752,51.2872676091449,73.2303833616487
1224,A (psi_sub029_music),76.9544296697889,1.92776345439533,13.085955721206,58.7685937270895
1225,B (psi_sub029_music),8.4316905179662,48.8925656254235,11.7688632365325,0.0196901362862605
1226,C (psi_sub029_music),76.8239382373436,47.3666542207633,65.1474071864578,70.6296624141883
1227,D (psi_sub029_music),20.6919553044596,89.4012666273498,49.3674944877151,55.2839000563536
1228,A (psi_sub030_music),90.3524834935736,33.4036336276516,76.5751688398415,52.8052904282125
1229,B (psi_sub030_music),9.29609182936284,59.6140794216779,77.1666642583576,2.82984082440445
1230,C (psi_sub030_music),49.0133602899526,28.9029762254134,90.510602041997,8.73822072099815
1231,D (psi_sub030_music),57.5123846790453,65.2218992680931,50.6369977928701,88.6721929930324
1232,A (psi_sub031_music),69.2574882016128,1.02308117194149,6.62198967386619,63.0790196973243
1233,B (psi_sub031_music),7.88942101672089,96.105604548938,57.2388329894396,26.0271936454376
1234,C (psi_sub031_music),75.4151109387735,21.9950632731712,85.4280479178584,20.5079865638645
1235,D (psi_sub031_music),47.7478542038272,49.8907280737202,25.7154525727137,98.43297445411
1236,A (psi_sub032_music),83.5012978554087,18.0254775148989,30.4956496983631,80.5858344661958
1237,B (psi_sub032_music),5.24675633946798,94.2418815826729,41.6692818832889,32.40617050921
1238,C (psi_sub032_music),42.0839753144288,43.2759766023716,94.442794118066,11.7070237794861
1239,D (psi_sub032_music),66.3636994951333,66.3171516131894,68.1961497739251,77.744327126866
1240,A (psi_sub201_music),80.8788054400898,0.208288990712321,14.0466092664862,45.7481313882253
1241,B (psi_sub201_music),0.123285143925285,46.3475806332212,0.951668389808868,44.5689793220923
1242,C (psi_sub201_music),32.6187628859205,53.5785267316546,94.8168101339756,10.7421335377446
1243,D (psi_sub201_music),52.0669000716205,77.1051675900081,65.7072345915892,73.5558133278169
1244,A (psi_sub202_music),92.3409520844676,16.3675984096022,39.5305286623018,70.6431159628783
1245,B (psi_sub202_music),56.3349482375219,75.5249738431094,69.3496832584868,73.4421868061482
1246,C (psi_sub202_music),26.8066372729517,50.9216977978406,92.3929891371152,6.71582967132707
1247,D (psi_sub202_music),19.372548732614,15.310504135344,0.331171121786221,77.7833215679743
1248,A (psi_sub203_music),85.1251924863113,38.6634917909832,72.9814575362629,58.6441600607924
1249,B (psi_sub203_music),19.5804898948432,37.1771905652335,2.34472097137582,0.15974955801716
1250,C (psi_sub203_music),12.6227957512642,76.0943166920912,77.2170595940681,11.4090790036565
1251,D (psi_sub203_music),8.46870777271097,10.47708198827,11.5034790613412,16.5600181032712
1252,A (psi_sub204_music),90.0843679092896,35.5661269981724,63.0684788161577,70.7002967626699
1253,B (psi_sub204_music),56.4264580237035,74.0463617410023,86.8799181948392,53.4412868534608
1254,C (psi_sub204_music),25.1557863005702,65.4280766107912,88.9129679852337,13.3473395536558
1255,D (psi_sub204_music),53.0512127734261,58.1825519060508,38.3675497786605,93.418924559564
1256,A (psi_sub205_music),89.1679590116587,30.6813447054034,76.7182461235893,48.0208099749832
1257,B (psi_sub205_music),34.8275651264606,86.0442273410421,53.7647225862855,71.8273153312717
1258,C (psi_sub205_music),15.2317374261362,23.617020316151,71.7787343970293,0.002910100807069
1259,D (psi_sub205_music),44.8523713142049,3.56317187256621,1.56602625897081,72.8542611658421
1260,A (psi_sub206_music),89.7232235939542,10.4695482634685,39.2312358889836,54.7760193147008
1261,B (psi_sub206_music),1.2302090693339,85.6288074031352,47.5828870882457,10.6956755930164
1262,C (psi_sub206_music),42.776400532733,7.58060372311102,69.9648051947328,0.839172516850751
1263,D (psi_sub206_music),46.8258128272981,49.9640404527715,25.6024868212233,97.3454301974485
1264,A (psi_sub207_music),81.4173544519297,35.2395169073444,84.0054027830325,40.7668413172813
1265,B (psi_sub207_music),20.1180668764574,86.2778877953951,42.3934366163529,60.540848331339
1266,C (psi_sub207_music),13.3033572157316,64.3602279015346,81.2129540186463,6.02093635867241
1267,D (psi_sub207_music),14.0373109809779,17.3431705654802,0.101803092670585,74.2569099151008
1268,A (psi_sub208_music),58.4883143159722,72.0419908224839,80.1383104734876,60.5502513535371
1269,B (psi_sub208_music),22.6704898501838,87.3425787285096,71.4103094622322,34.573729087202
1270,C (psi_sub208_music),34.4448469739881,48.1263405860036,91.0970029627795,10.7436602285993
1271,D (psi_sub208_music),74.6588261842387,37.7461630034268,38.0118299458607,93.8928932552662
1272,A (psi_sub209_music),94.5294850736912,13.8737902885196,63.2560890377383,38.8475321853516
1273,B (psi_sub209_music),4.93583792795914,75.2131139561805,14.2250620223924,58.3379051255864
1274,C (psi_sub209_music),8.1551526368834,21.7277265711675,66.3910916336701,1.29230221306388
1275,D (psi_sub209_music),56.6996325313371,76.1864880445394,81.5930990451206,60.9150342506197
1276,A (psi_sub210_music),68.4005337647228,2.52947301168787,57.1084082226372,7.01467372983267
1277,B (psi_sub210_music),27.4753202025412,84.6185080807067,42.8622199355586,72.6964961028954
1278,C (psi_sub210_music),48.4875887256208,63.8497889863937,93.9619802759649,30.842375583807
1279,D (psi_sub210_music),77.0630148865012,9.44685466021347,18.0254231261755,76.6895135908093
1280,A (psi_sub211_music),67.7866262574841,54.362950152139,69.5973064668092,63.5903024191308
1281,B (psi_sub211_music),18.6181936546677,90.2103734273448,59.7179372346563,40.6523761198392
1282,C (psi_sub211_music),73.1973839609449,32.0059857355508,84.1144296489961,30.4022377094986
1283,D (psi_sub211_music),64.5531173541405,18.0045555377274,17.1990785451808,86.0162448924866
1284,A (psi_sub213_music),58.3259743954914,9.10404344547444,73.2365519544107,5.1687761142658
1285,B (psi_sub213_music),3.61875050533631,78.6566514339445,57.5248482945839,8.84675703259473
1286,C (psi_sub213_music),62.9781308561868,70.5462550441417,81.5295139690736,62.8882816402906
1287,D (psi_sub213_music),24.17116659924,47.1708062274329,10.8063856840659,89.1619858132619
1288,A (psi_sub214_music),64.3276621976183,3.40739597769242,3.61448889429295,27.8118734920688
1289,B (psi_sub214_music),28.2914786599633,83.2718795547683,84.6090829932152,29.3254642134173
1290,C (psi_sub214_music),84.4986681254161,34.1336267963939,84.977490884267,41.1745199865642
1291,D (psi_sub214_music),57.4683070996885,16.9764861054164,11.1038156672804,91.4022675014266
1292,A (psi_sub216_music),95.5932727123502,13.320393356102,52.7324769391492,49.4600456193435
1293,B (psi_sub216_music),33.9526252377267,91.2367998058431,65.5587805147268,60.6581998640628
1294,C (psi_sub216_music),60.4406640164792,46.8592363398859,93.4589412181977,28.125466847024
1295,D (psi_sub216_music),69.8856354569385,49.6366331626937,56.482931796769,76.4028098135839
1296,A (psi_sub217_music),34.8574356192415,0.784892470901728,17.2795994771417,1.32369745748593
1297,B (psi_sub217_music),13.064784328616,56.5712218756981,23.3826220989675,45.8971400026558
1298,C (psi_sub217_music),0.0789969990193355,30.247402806579,17.8744373326992,0.419904089722395
1299,D (psi_sub217_music),65.9347414738754,58.6514084411249,54.5084562851733,86.1539578957712
1300,A (psi_sub218_music),48.0981782001051,1.90619403374609,20.9470639203005,1.76416717983871
1301,B (psi_sub218_music),23.4459972224238,89.5876304326893,63.0243961878177,45.0208185146709
1302,C (psi_sub218_music),74.5794205894143,35.2541006123115,90.1571483869195,30.605355592183
1303,D (psi_sub218_music),82.5771432681652,9.22568088537582,22.6170246080312,72.0053814816564
1304,A (psi_sub219_music),76.4163414051357,39.735879710722,88.8858431664096,37.6427940368136
1305,B (psi_sub219_music),2.12876947599758,85.9801419116918,49.2296625301898,12.7187239054344
1306,C (psi_sub219_music),33.0899205223316,89.9487278227102,73.1313192706937,50.1920868924575
1307,D (psi_sub219_music),59.3344739700811,64.4532573645347,51.7307591662225,88.6461799033829
1308,A (psi_sub220_music),7.21504790774331,24.9254730438904,1.39794293329908,13.1806717735128
1309,B (psi_sub220_music),4.05768753279292,78.7860529070716,40.5376174002733,20.6803250138493
1310,C (psi_sub220_music),51.791851036902,53.5512079766276,90.9379503724009,27.8718658900156
1311,D (psi_sub220_music),38.5617768949145,55.3020558990333,28.7037262492713,83.8415516028189
1312,A (psi_sub221_music),41.7755338060162,0.0019645155581232,42.4114739861513,0.0029526458379272
1313,B (psi_sub221_music),10.596228130225,80.2791955576726,72.2612588947177,13.0167393232496
1314,C (psi_sub221_music),83.4573723142133,45.0176357702597,71.2015409290186,67.5640577017295
1315,D (psi_sub221_music),20.0053130962919,53.8331796207019,11.9300167548651,85.4382963473398
1316,A (psi_sub222_music),84.6020416968993,7.00154776043212,55.2422856723408,25.4584514057962
1317,B (psi_sub222_music),12.3149825388001,36.5971970866236,1.73926223330443,0.76650001032447
1318,C (psi_sub222_music),27.5764719843399,81.4758041578919,84.6624705249269,27.4020021108571
1319,D (psi_sub222_music),58.0637322261705,50.4871828494507,37.9773243397481,90.6442803765599
1320,A (psi_sub223_music),95.3630048821437,13.9772181337092,45.8173320790928,59.0914577257388
1321,B (psi_sub223_music),52.0358896621166,64.8391880869478,46.1530165977361,87.0312837158379
1322,C (psi_sub223_music),38.0256393030777,62.3525898408169,95.6755543913404,19.348776796391
1323,D (psi_sub223_music),22.7651241749263,0.284627886343858,1.29774415401781,57.5508083495034
1324,A (psi_sub224_music),75.9144586219283,0.174039909724163,13.8464669726615,30.3726816953588
1325,B (psi_sub224_music),72.0247962817639,58.0240147565636,85.8888739317308,55.6197023586665
1326,C (psi_sub224_music),37.2746914275437,18.2750263406513,81.3046956391836,1.6457360992691
1327,D (psi_sub224_music),42.7754121511768,50.0275192952467,22.8166732060339,96.9535451738985
1328,A (psi_sub225_music),87.4790285746461,3.30091626204038,22.6941872056682,55.8318897013574
1329,B (psi_sub225_music),47.3199981545963,79.4427807228318,85.8827238071216,48.3753304284303
1330,C (psi_sub225_music),33.2246137680576,1.74576692452837,54.4063102852667,0.166174023142796
1331,D (psi_sub225_music),28.4483844208192,39.1568298550104,9.59380820843141,90.2355428592196
1332,A (psi_sub227_music),76.4869108879929,0.940987173984342,14.4474380353079,23.5468021137375
1333,B (psi_sub227_music),12.1051174275905,63.9309093304781,77.0535568137197,6.21093938386472
1334,C (psi_sub227_music),76.1499365660319,55.4455331101643,71.7428500558983,72.1540434519637
1335,D (psi_sub227_music),37.9824498347663,23.9422864037501,6.50688301502444,93.1099370086466
1336,A (psi_sub228_music),57.4464530724826,70.1084180484331,89.9232795863692,48.1933830273371
1337,B (psi_sub228_music),3.8347384288532,90.3056954772409,54.9506498079606,15.5205797079864
1338,C (psi_sub228_music),37.7659894014346,29.3451734551281,88.6487190649502,4.41892628021408
1339,D (psi_sub228_music),37.9635055672022,57.2891027370043,25.4193760651326,92.4123483904737
1340,A (psi_sub229_music),94.5426060010078,9.00767280276263,49.9406853162617,42.0753454676335
1341,B (psi_sub229_music),0.962288996958922,55.6521882836252,33.433446283929,0.023587450148274
1342,C (psi_sub229_music),51.0038278608466,76.2916962190159,77.0485129574051,58.560060332812
1343,D (psi_sub229_music),43.2227804302928,14.0172859925388,4.72173837160017,86.8855369605854
1344,A (psi_sub230_music),97.7502402711173,17.6789385571069,59.7469909233794,52.0402494085151
1345,B (psi_sub230_music),56.4659048296046,73.0204445662037,83.9763687726587,55.243885303081
1346,C (psi_sub230_music),11.2753207730643,48.8342293595528,76.5910671599221,1.64484940941898
1347,D (psi_sub230_music),43.001147233765,19.8137134802172,7.02218485120366,90.6035114172131
1348,A (psi_sub233_music),43.9362364080409,0.504885778484638,0.0246190956882561,47.7690766151004
1349,B (psi_sub233_music),2.88577580611507,52.8126165175372,4.64205285484303,54.5642293889017
1350,C (psi_sub233_music),57.9345170835289,57.3409420596604,96.8636202833652,32.3614161711562
1351,D (psi_sub233_music),68.4413713215845,48.8727568798787,43.8828647352113,92.7206233388328
1352,A (psi_sub001_restingstate),63.5753436621626,63.8789734108602,73.4796506118293,65.0491266216968
1353,B (psi_sub001_restingstate),24.1639011024008,54.3903009994087,87.1755079983388,8.17858627807565
1354,C (psi_sub001_restingstate),3.11504297302437e-06,9.90018527210249,37.1674989085877,14.1263176378255
1355,D (psi_sub001_restingstate),40.5874138673498,17.73141799192,5.14527704019579,89.7931352567372
1356,A (psi_sub005_restingstate),55.1133076721143,4.201625560626,65.3871327843448,2.30722827756829
1357,B (psi_sub005_restingstate),12.0348538330909,94.1418758405043,39.3395238627514,53.3131126410311
1358,C (psi_sub005_restingstate),75.9658467675128,51.8879558085976,86.3635614359962,52.5563088690283
1359,D (psi_sub005_restingstate),79.5178348208751,8.42530231875474,17.5197181666314,77.7916701219629
1360,A (psi_sub006_restingstate),97.4354543459727,6.98793906714325,39.4777746524947,51.8606885067028
1361,B (psi_sub006_restingstate),21.2101771672502,93.0172833468985,45.4948335106721,64.4891303332236
1362,C (psi_sub006_restingstate),49.8531792348101,40.4716384028856,96.6200439402179,13.9385145110776
1363,D (psi_sub006_restingstate),21.4313562056129,0.0479302142628746,2.26780534699025,56.4941984162099
1364,A (psi_sub007_restingstate),95.2294439563719,15.8030211673403,46.8744782455572,61.6773112571185
1365,B (psi_sub007_restingstate),13.1914403692499,92.2926244386429,62.9915972168242,29.2925488179559
1366,C (psi_sub007_restingstate),64.8835470649063,67.2571291491086,72.0840491725022,72.0102994863263
1367,D (psi_sub007_restingstate),24.459357795372,28.358585583543,3.81940624019834,87.8329060811477
1368,A (psi_sub008_restingstate),46.6284033453046,2.80870432232328,6.73509469457059,10.3463443187919
1369,B (psi_sub008_restingstate),0.0345327702155109,54.0269342168297,13.1006523492051,12.4561760414022
1370,C (psi_sub008_restingstate),27.456055231722,82.6859678416719,66.3495778619065,42.7051960677409
1371,D (psi_sub008_restingstate),82.0152084810969,44.1233918444198,76.3371444221721,59.1954958289309
1372,A (psi_sub009_restingstate),83.866149147307,6.73261984007628,37.3262444155896,42.0432257731946
1373,B (psi_sub009_restingstate),0.194974940480341,57.5870310008786,41.0666395611812,1.57626179077144
1374,C (psi_sub009_restingstate),32.5740547222813,5.31597690025239,63.8813610633772,0.0186025634443736
1375,D (psi_sub009_restingstate),63.187617259739,49.7479620945597,93.6597031030381,32.6224097984566
1376,A (psi_sub010_restingstate),78.8924526737358,52.331660120312,81.3311091323885,60.8380832085271
1377,B (psi_sub010_restingstate),0.586380342353688,65.0713257981198,5.65575315359636,25.742276871857
1378,C (psi_sub010_restingstate),31.1657629482983,50.2503576643743,93.5171963099115,8.74144472994733
1379,D (psi_sub010_restingstate),38.0224670961902,84.9178816235404,57.1672191584498,71.3781117541963
1380,A (psi_sub012_restingstate),69.1900192924118,0.0001136957300109,28.0002011311474,13.314277831774
1381,B (psi_sub012_restingstate),0.0334250473217046,52.829795067837,6.16353472911331,27.208449765164
1382,C (psi_sub012_restingstate),14.0761242566053,74.9661165753003,76.0305020470907,13.06740891263
1383,D (psi_sub012_restingstate),72.8848715686226,58.4260538618472,86.2613731156873,56.5684943772085
1384,A (psi_sub013_restingstate),96.6158460717418,10.4627918358251,54.0481099360784,42.6096807426792
1385,B (psi_sub013_restingstate),0.83762442039522,57.4226516542763,2.16349757625783,29.6721929789057
1386,C (psi_sub013_restingstate),35.1518049035899,73.7443936543375,93.287022503107,25.1777542627277
1387,D (psi_sub013_restingstate),44.3294246113689,3.9658803850848,1.18662536423872,77.2755230652124
1388,A (psi_sub014_restingstate),49.6456750463557,9.32926764723334,8.72039920477865,2.39269024523242
1389,B (psi_sub014_restingstate),21.9732853085898,77.6429893788714,31.1209190302558,73.9324088984298
1390,C (psi_sub014_restingstate),59.1834111432608,49.2172165757908,98.1642171286319,26.0266826311963
1391,D (psi_sub014_restingstate),93.7489166963677,12.7367127516642,35.3044927127907,70.2264205321545
1392,A (psi_sub015_restingstate),88.7232142422153,29.8873721519932,80.8863534375156,42.7266832139565
1393,B (psi_sub015_restingstate),4.44051265791208,54.4049260267504,0.86899004978547,19.6992685406916
1394,C (psi_sub015_restingstate),18.0702093882809,83.6176965902713,82.5965549376694,18.4924067649674
1395,D (psi_sub015_restingstate),47.6712221298711,49.1157940604556,25.5334279262398,97.4862100013678
1396,A (psi_sub017_restingstate),89.1589870109295,28.9316307928349,52.2216763926405,73.31571503572
1397,B (psi_sub017_restingstate),9.97101753645556,71.6251725548062,77.5473975252055,6.72377822076839
1398,C (psi_sub017_restingstate),60.6957499347887,60.428731930185,94.5743226794022,39.200684248465
1399,D (psi_sub017_restingstate),31.2912806792226,85.8529727601169,51.9353957538032,67.9497823919065
1400,A (psi_sub018_restingstate),71.8385065449362,2.68098544050942,17.4344509116722,47.7486154974733
1401,B (psi_sub018_restingstate),0.0919485695055216,50.6643120934961,6.57226014955434,26.0757378000166
1402,C (psi_sub018_restingstate),53.4878574255186,68.6759339602918,59.1542141518867,74.7744215912196
1403,D (psi_sub018_restingstate),24.1804659023297,17.5831201413331,1.92105327516671,76.9096347621861
1404,A (psi_sub019_restingstate),94.3429778880321,18.8855131490048,45.5249141633308,69.2010762560833
1405,B (psi_sub019_restingstate),9.01630848437569,95.3227068719423,45.7830157525376,38.8078187344673
1406,C (psi_sub019_restingstate),65.0897546548074,64.3213933681576,87.6429029674527,53.0762818667128
1407,D (psi_sub019_restingstate),37.2945850973712,48.2949095803487,19.2628863086739,93.2443730191333
1408,A (psi_sub020_restingstate),81.9538553236872,0.0011269961507923,24.061780724996,24.2440287781432
1409,B (psi_sub020_restingstate),0.757537891518338,46.4333833314613,44.6578043475139,0.329257161230732
1410,C (psi_sub020_restingstate),60.8127465473821,35.1941183172609,88.5628427039357,21.3837003674722
1411,D (psi_sub020_restingstate),14.8010381867265,76.5925224540293,25.8678214293138,65.9178785738938
1412,A (psi_sub022_restingstate),52.1240709458966,0.489989728358858,30.5908019456934,1.61784864798965
1413,B (psi_sub022_restingstate),18.2347251121564,94.7470794770348,63.5363151000725,39.4530813583744
1414,C (psi_sub022_restingstate),67.528365651783,51.9034435344766,92.7660173033032,39.0929733431553
1415,D (psi_sub022_restingstate),64.1977257903232,16.1420455540284,14.9635554229546,87.2174361271318
1416,A (psi_sub023_restingstate),27.5124842416546,22.5867623097373,4.75166186648786,2.33843486871851
1417,B (psi_sub023_restingstate),17.507025958646,97.9816386465649,56.7241362139887,47.3639170336261
1418,C (psi_sub023_restingstate),59.670067633349,50.0714203954541,97.5288046706965,27.4698819215066
1419,D (psi_sub023_restingstate),82.538539976917,8.25173187200582,19.7648489165113,75.22363288459
1420,A (psi_sub025_restingstate),80.9017359077614,0.388834415266985,16.5741354103775,26.962947349747
1421,B (psi_sub025_restingstate),1.76605566480414,87.4056624140233,22.9505070551623,37.5166529540121
1422,C (psi_sub025_restingstate),27.7172956849637,36.6814501030064,87.3229988038256,3.35549328005287
1423,D (psi_sub025_restingstate),79.069083314904,49.5643669094296,69.2723012377348,70.8206509063996
1424,A (psi_sub026_restingstate),74.9278221384195,0.874358822546854,19.5979567875794,16.2921012773903
1425,B (psi_sub026_restingstate),37.4737607903149,82.284593236015,49.0647947672392,79.213137448549
1426,C (psi_sub026_restingstate),43.0770847466876,30.2959938603893,87.5322125055164,7.63935648639944
1427,D (psi_sub026_restingstate),90.5897378439035,27.8910487561292,48.5178335891184,78.285015323282
1428,A (psi_sub027_restingstate),25.2397556999697,3.41644396456964,25.2331630011242,3.88011136454686
1429,B (psi_sub027_restingstate),3.12621746785551,82.6441364090313,56.8843239294464,9.77676460667234
1430,C (psi_sub027_restingstate),78.9979758348469,41.8219783179772,86.9736504112348,43.6634197871871
1431,D (psi_sub027_restingstate),48.4850521029541,30.4881565331954,14.4587918121411,95.9913413988229
1432,A (psi_sub028_restingstate),89.5347785265929,28.5588888475329,71.5018671727493,50.2618324059317
1433,B (psi_sub028_restingstate),26.1738860438978,88.9102931065062,79.5105613575877,34.1663474842132
1434,C (psi_sub028_restingstate),45.0340451931368,0.456610335885756,43.6236812070853,0.83019238335296
1435,D (psi_sub028_restingstate),53.5639142007351,9.05243238948678,5.42569366008494,85.0151552804411
1436,A (psi_sub029_restingstate),83.6268573439671,15.043324643726,70.7486664034939,26.7747319913217
1437,B (psi_sub029_restingstate),29.9642741756917,75.2153959744414,38.0012502569579,75.6023470456482
1438,C (psi_sub029_restingstate),7.63615482963285,73.6609672069684,68.6791307004565,8.23492409371828
1439,D (psi_sub029_restingstate),64.7199707273304,6.63494256071501,9.04572750562324,77.8284444315167
1440,A (psi_sub030_restingstate),70.2185214007646,57.9120723907373,90.6377269685844,49.26995681851
1441,B (psi_sub030_restingstate),24.4707951982203,74.2679488727645,88.6451923919542,17.3641993238801
1442,C (psi_sub030_restingstate),7.35163734761601,10.4477493614014,56.5690418338957,4.51016535795883
1443,D (psi_sub030_restingstate),73.7269593649931,31.5824156294772,31.5360475163397,94.0805361736053
1444,A (psi_sub031_restingstate),31.201038257768,21.6064330043821,2.79155157882504,12.4651941562548
1445,B (psi_sub031_restingstate),22.1775009522729,89.0229430709801,41.5871520638223,68.3959933808038
1446,C (psi_sub031_restingstate),78.8877736647749,24.1731179973088,85.2582921599799,25.189335623541
1447,D (psi_sub031_restingstate),64.8538293760264,21.8110994590982,17.4754823503778,94.510127253289
1448,A (psi_sub032_restingstate),83.3856699741692,1.7538555893987,18.4554359064538,52.2994284369665
1449,B (psi_sub032_restingstate),20.3245733449581,74.6824733349498,85.7060372598107,14.8730026077058
1450,C (psi_sub032_restingstate),78.9657887817461,46.7787116849585,79.5066573602947,56.271653746037
1451,D (psi_sub032_restingstate),48.4946335211118,52.0837657732878,29.4981160250164,94.8041669323362
1452,A (psi_sub202_restingstate),64.4980510582377,66.1822235630131,88.3735778586535,53.6030600824728
1453,B (psi_sub202_restingstate),51.1153945701464,53.7530724870098,32.8155996492552,94.6808582738034
1454,C (psi_sub202_restingstate),21.7014758022087,30.9874130074492,82.7526549225867,0.759025843769918
1455,D (psi_sub202_restingstate),28.7705020191544,2.09178955336644,0.0414626993213989,67.0652871255412
1456,A (psi_sub203_restingstate),49.6339958482543,6.18782098081377,1.5932523452329,17.2479607577449
1457,B (psi_sub203_restingstate),2.64776996946698,56.961017097661,2.68740762439218,19.0500150565853
1458,C (psi_sub203_restingstate),39.2989783777601,27.0646271273234,84.1187310638008,5.3184341823962
1459,D (psi_sub203_restingstate),90.3031637839136,26.8285094198411,63.2703277420218,56.9319615997593
1460,A (psi_sub204_restingstate),91.5630841383559,31.2849684793274,67.069044626544,60.9099927593321
1461,B (psi_sub204_restingstate),31.9491342244841,89.1040832204167,79.6304196966992,41.9623378909698
1462,C (psi_sub204_restingstate),55.0926064490945,68.9894813634148,86.3930961306058,47.8495719427144
1463,D (psi_sub204_restingstate),68.7179923490616,48.9439734486467,44.4163933426974,92.4374522096185
1464,A (psi_sub205_restingstate),77.7808500919588,8.43481994956161,18.010535243631,74.7268408991369
1465,B (psi_sub205_restingstate),48.8093951864328,79.7318591549081,72.5361180430992,63.8432029337587
1466,C (psi_sub205_restingstate),81.2408030454786,16.4503170606329,75.2231235938134,24.0345539509445
1467,D (psi_sub205_restingstate),5.43047950062193,19.8551745965396,0.0894378175669291,63.7450990749051
1468,A (psi_sub206_restingstate),62.6233415105779,7.99459929743646,66.0787324293761,8.4612930064262
1469,B (psi_sub206_restingstate),6.3922561396003,52.7936143665863,13.6150989939258,0.315970015063348
1470,C (psi_sub206_restingstate),47.1593118118889,73.7167822067575,80.1470796509467,48.5210781599798
1471,D (psi_sub206_restingstate),73.7021613719034,30.1403247884535,35.0853597486958,84.7249951774053
1472,A (psi_sub207_restingstate),76.4644501553088,41.1178848497898,57.3905422735902,71.4923882675988
1473,B (psi_sub207_restingstate),8.98403579770414,88.2548144543398,33.8973795556192,48.2052533986624
1474,C (psi_sub207_restingstate),17.7708712316542,58.3858281486177,80.5070658282784,7.58096310250602
1475,D (psi_sub207_restingstate),1.32013677292756,7.93308524295145,3.90047555037897,45.9426501074166
1476,A (psi_sub208_restingstate),94.7063905355432,27.4727911005077,59.8182193125403,66.528901783596
1477,B (psi_sub208_restingstate),17.8074349543462,75.1730686578479,79.7202168560843,15.4887500382126
1478,C (psi_sub208_restingstate),58.6732144978389,67.5973473539803,90.0715841154267,47.222653482978
1479,D (psi_sub208_restingstate),25.1622648137203,94.0765083495411,53.4481299820461,62.5584284793631
1480,A (psi_sub209_restingstate),36.077043938345,0.540543265699137,51.0162897364218,0.232839518161008
1481,B (psi_sub209_restingstate),1.74535702214944,90.2280824701571,28.3248961438714,31.8098574687923
1482,C (psi_sub209_restingstate),28.5604696875467,52.3141586046937,93.3084595676606,8.06559851787234
1483,D (psi_sub209_restingstate),71.6159768756691,59.404990426824,63.7285340457227,81.6992459725015
1484,A (psi_sub210_restingstate),79.0870134864273,17.0704584098807,68.9708808510632,27.7432566722622
1485,B (psi_sub210_restingstate),10.1638208426873,94.1853355092756,50.1124743953542,36.1945190585797
1486,C (psi_sub210_restingstate),48.5659672573861,64.1787835972833,87.3267358372502,35.850705830154
1487,D (psi_sub210_restingstate),66.219090193926,49.4248667970479,44.7303210026847,88.9553219831788
1488,A (psi_sub211_restingstate),86.3670876120799,28.1007891611519,58.6897823061488,60.5322180819601
1489,B (psi_sub211_restingstate),45.7523109527614,63.7262658284833,90.8371076048203,30.2081343444838
1490,C (psi_sub211_restingstate),59.1511435021798,7.19972307322296,52.8912134812416,12.0912721373109
1491,D (psi_sub211_restingstate),45.594250081445,60.6906437581162,33.6764266097344,93.5043383974457
1492,A (psi_sub213_restingstate),97.0706470992024,15.6432033412598,57.9633521024731,49.4982209997194
1493,B (psi_sub213_restingstate),17.627205493264,94.4675834020363,49.617047785511,52.826488481391
1494,C (psi_sub213_restingstate),27.3138337819448,31.5243823168741,86.7400832241829,1.80998990828082
1495,D (psi_sub213_restingstate),42.9472167147487,35.1910578696992,13.8152779079631,97.2491543965005
1496,A (psi_sub214_restingstate),83.0514523573512,2.03539608093358,15.4609540295831,59.9484570259697
1497,B (psi_sub214_restingstate),18.7887669280793,59.4734558199995,87.7433930340531,6.29612914244746
1498,C (psi_sub214_restingstate),78.0780435866453,53.9377493104143,81.4457463616182,61.746701969989
1499,D (psi_sub214_restingstate),34.0369298380912,59.5155537673164,24.3201548444073,90.6234838549776
1500,A (psi_sub216_restingstate),93.0892238096353,3.24012365277677,40.8780026154309,34.6492556570386
1501,B (psi_sub216_restingstate),27.163633730259,94.3524003173595,63.2339420704061,54.8728834486751
1502,C (psi_sub216_restingstate),55.0130573057562,50.6871703342429,96.8573191149445,24.7055798861576
1503,D (psi_sub216_restingstate),60.7572547149735,59.2858855202653,47.5458816436258,90.6468938313207
1504,A (psi_sub217_restingstate),85.3018058657623,31.951162592178,78.2452289788143,44.8291761045878
1505,B (psi_sub217_restingstate),10.2561840656999,24.0839576189407,3.11697361562747,13.195966430121
1506,C (psi_sub217_restingstate),9.94449506912054,77.2133103253375,49.6708530301032,25.0003760164394
1507,D (psi_sub217_restingstate),50.6973161320547,59.1978437965072,37.5041559342281,92.5593642830088
1508,A (psi_sub218_restingstate),80.2849278656007,1.20783659280191,13.7859582571844,55.4813328029645
1509,B (psi_sub218_restingstate),9.55423819857802,88.720997384679,64.776126940784,19.8277230067311
1510,C (psi_sub218_restingstate),52.1668136167094,1.89182869481695,54.6931386628269,1.85033043272075
1511,D (psi_sub218_restingstate),73.3313586045695,57.8775911965081,80.9909843417454,61.6095147964188
1512,A (psi_sub219_restingstate),84.8297448125339,23.0644957284226,72.6922803405693,37.4106388356403
1513,B (psi_sub219_restingstate),13.9817271245854,93.8680826813087,42.8501044653969,53.0416750914971
1514,C (psi_sub219_restingstate),15.6280223289505,82.4366072676249,77.5966769427766,17.679173860305
1515,D (psi_sub219_restingstate),58.2067359281408,73.5161049188174,80.2199181522953,61.5449777337199
1516,A (psi_sub220_restingstate),28.89210798201,23.182000283683,76.5103224388149,1.74751428653733
1517,B (psi_sub220_restingstate),0.436130413667951,58.3072496187272,7.64305669103672,34.0405151220621
1518,C (psi_sub220_restingstate),20.6156829303312,79.3768686718025,68.199543658911,28.714121348857
1519,D (psi_sub220_restingstate),57.5061076428458,50.7393153651113,38.711409189565,88.958072393259
1520,A (psi_sub221_restingstate),78.3045770128686,41.8462227060645,88.6558156251034,41.7043536887349
1521,B (psi_sub221_restingstate),1.37460917208207,39.9040700052397,0.0081032450535263,29.075744096285
1522,C (psi_sub221_restingstate),4.00595483535736,79.3876078273327,55.2882635543043,11.0781004699875
1523,D (psi_sub221_restingstate),52.7648268357762,51.4115120674876,30.9512702041729,97.6613435498357
1524,A (psi_sub222_restingstate),57.1487989409859,0.0139523409632819,4.13254937089655,41.4237508703556
1525,B (psi_sub222_restingstate),0.455753164089789,70.5954838625637,14.3915644828745,15.0954750463053
1526,C (psi_sub222_restingstate),63.1743804763156,9.48835796300576,65.0351450872414,10.8340055808446
1527,D (psi_sub222_restingstate),58.2168473292221,72.2688704844393,65.1877152061079,77.4616023261756
1528,A (psi_sub223_restingstate),92.0521253022831,23.7387563620279,54.6339237066086,63.7551893735032
1529,B (psi_sub223_restingstate),40.0439223643836,82.8520241866165,61.0067865106903,67.5795349865955
1530,C (psi_sub223_restingstate),49.8921849128939,48.7749136638167,95.6783855676764,19.923266773548
1531,D (psi_sub223_restingstate),26.2068168415151,17.9689902483413,1.74158012647518,83.5297192462126
1532,A (psi_sub224_restingstate),60.2240980369867,3.68380536111841,61.4534511578513,4.28143914049448
1533,B (psi_sub224_restingstate),31.4718764816738,82.2371605234303,50.422467714059,66.8933048067522
1534,C (psi_sub224_restingstate),70.1356318581568,51.1274293863374,87.3567118861311,45.2503856433008
1535,D (psi_sub224_restingstate),72.2622239578528,8.44575782584408,14.7239507128378,76.4717525881646
1536,A (psi_sub225_restingstate),80.8656988793404,15.723964518044,76.3387903157656,22.097823292813
1537,B (psi_sub225_restingstate),0.555296761795676,76.8309651813277,13.6141899538369,37.0091469403254
1538,C (psi_sub225_restingstate),65.271947229653,64.0470744220635,61.9224993263732,81.6481468129196
1539,D (psi_sub225_restingstate),18.1646518546684,3.49610371046439,0.701171738833037,65.3443794213921
1540,A (psi_sub227_restingstate),89.9567279269794,18.8910239762039,40.8080392465057,71.8687554028043
1541,B (psi_sub227_restingstate),35.0540165000963,48.8045640322682,17.3979733709346,94.7268112810239
1542,C (psi_sub227_restingstate),60.6032960051237,56.7465430806031,95.7678798830348,34.9727447184117
1543,D (psi_sub227_restingstate),32.7714731212871,0.132934707102087,0.204398571322738,59.9079306666514
1544,A (psi_sub228_restingstate),85.0236030527974,40.2651304034612,57.9422842607839,79.0340100899512
1545,B (psi_sub228_restingstate),30.8670006789429,76.9314770057311,90.8411795020427,24.1693356406775
1546,C (psi_sub228_restingstate),60.5596158311045,30.0595602225548,91.9751575944727,15.2994715214738
1547,D (psi_sub228_restingstate),17.4591236375746,80.3913362241209,29.4932265375209,69.2187555114773
1548,A (psi_sub229_restingstate),93.5131522700036,2.75441182848584,31.6540137227158,44.3599283317983
1549,B (psi_sub229_restingstate),12.4565898891389,94.3470883117058,60.754408449316,31.349615840249
1550,C (psi_sub229_restingstate),68.5945056806855,55.4869612368665,93.3796332359887,43.0895648228538
1551,D (psi_sub229_restingstate),37.2599058312401,24.8814864401769,7.02464295306623,91.3710913242044
1552,A (psi_sub230_restingstate),76.0910509540642,39.3447681938306,89.3199801958599,36.6565542115023
1553,B (psi_sub230_restingstate),26.6523879226535,79.8596370681318,84.1723612900995,25.5024451386073
1554,C (psi_sub230_restingstate),5.64015787731255,15.2231407079545,55.9798332199883,3.07281328022065
1555,D (psi_sub230_restingstate),70.2211999475598,28.811275135721,27.531811627305,92.5498585381788
1556,A (psi_sub233_restingstate),88.8549117042099,30.9069869121878,50.7649261033019,78.3278778698758
1557,B (psi_sub233_restingstate),21.4613135172136,52.2617889630264,13.2720182656816,82.3828324606466
1558,C (psi_sub233_restingstate),45.4276907310491,76.3812865129685,91.0368662036756,39.3801774206829
1559,D (psi_sub233_restingstate),54.0161425283,0.637668260701717,2.17507716816598,61.7585957025549
1560,A (psi_sub001_video),32.1944048145612,35.8182518165973,89.0719388772146,4.54088537085499
1561,B (psi_sub001_video),39.270037962681,79.2241542888944,85.7687574700078,38.6976347260408
1562,C (psi_sub001_video),0.385233472875693,15.2233282612088,45.4526503604841,8.75632929818104
1563,D (psi_sub001_video),54.7372578780406,17.7921720505309,10.8506258943602,90.0976199590989
1564,A (psi_sub005_video),66.4786889363507,4.67214665215147,6.74677101476089,18.0892022759483
1565,B (psi_sub005_video),0.0340666612767165,51.5642088674326,47.2565648642816,0.0029239594173763
1566,C (psi_sub005_video),47.8627669930959,65.5642487520785,93.542400423742,31.8128367965739
1567,D (psi_sub005_video),83.9621214264479,34.26971900539,46.1580323697175,85.597878470336
1568,A (psi_sub006_video),85.3351406761106,29.0781086160843,83.0879580661895,37.2136233246314
1569,B (psi_sub006_video),4.30655217325129,43.2227907663678,2.00438175481331,63.408144243827
1570,C (psi_sub006_video),17.9600106572436,72.1616551425922,85.4453887895912,11.5329154743297
1571,D (psi_sub006_video),66.4025875569919,8.19806622368597,10.2361117350345,81.529658406788
1572,A (psi_sub007_video),86.7552260330739,22.4528437262773,74.3074046015434,36.6245585780261
1573,B (psi_sub007_video),3.84503600041299,76.6361133914851,15.2476379071462,52.6150730825681
1574,C (psi_sub007_video),18.3035429535825,60.9200394620273,86.1176757643807,6.9906535008047
1575,D (psi_sub007_video),57.6864763160524,44.8288963768854,33.5788578271678,89.8674876168653
1576,A (psi_sub010_video),64.586925075039,1.83606413138521,14.5102300440097,12.6665955928288
1577,B (psi_sub010_video),29.2695475434598,83.237330552584,70.2381971706263,42.0017671656941
1578,C (psi_sub010_video),80.0095638695056,48.0232815672942,68.2958451806205,71.0564548207465
1579,D (psi_sub010_video),49.5814330054834,16.9375834417206,15.1888911180608,67.8504364233241
1580,A (psi_sub012_video),77.5641694874373,3.20189381780311,13.1918089396704,66.1654675337215
1581,B (psi_sub012_video),8.9938768504616,91.5370202829991,32.8664283593276,52.3241211901848
1582,C (psi_sub012_video),43.6913886546404,26.2332449714642,89.105248021476,5.30651268900075
1583,D (psi_sub012_video),66.9494996262498,65.9671656503324,79.4529710670331,65.0232782280151
1584,A (psi_sub013_video),76.8261135412928,38.4051686703267,41.2426114733043,92.1200614521372
1585,B (psi_sub013_video),0.577996971465833,88.4962404886078,37.8300595289297,15.3072922005845
1586,C (psi_sub013_video),61.7939043402483,30.2714404383374,92.291598635502,16.0865716997035
1587,D (psi_sub013_video),14.2605709749605,1.40394046447479,2.86949205168166,60.4250107781646
1588,A (psi_sub015_video),90.8173429836366,34.4066954210141,73.1824569266446,58.0595487489917
1589,B (psi_sub015_video),1.51885617214656,87.3957951791999,22.7987826628827,36.2656448460237
1590,C (psi_sub015_video),5.13964454822098,56.043418717139,69.2590347375087,1.09191813432782
1591,D (psi_sub015_video),46.269194100393,57.8658436492684,31.4816343694307,95.0850033528612
1592,A (psi_sub018_video),65.2826408732388,26.3397593442404,25.1025842242869,85.9440131671691
1593,B (psi_sub018_video),19.8011226342645,71.5724645693453,30.1633188820777,64.5376821414903
1594,C (psi_sub018_video),70.9647877620855,27.2361629282775,84.8882686958735,23.212585191821
1595,D (psi_sub018_video),2.76073406130832,0.200028995910055,6.92859100641044,30.9892545808068
1596,A (psi_sub020_video),84.39687119021,17.1245275188121,73.8385333203287,27.9516304049085
1597,B (psi_sub020_video),28.729137071829,85.3312641667461,75.1809447851361,38.4686571369616
1598,C (psi_sub020_video),22.939975079781,3.79989173998637,24.5423145320756,5.18979346451139
1599,D (psi_sub020_video),78.8509683895976,20.5404101417504,26.4811421731747,88.6847831719015
1600,A (psi_sub023_video),95.3912557036785,12.5703611648085,49.2361020657001,51.5664282279856
1601,B (psi_sub023_video),2.37106813423995,70.5160527400743,10.5206664054212,12.3499361705933
1602,C (psi_sub023_video),31.4200596492761,40.1095298369306,88.8731665528961,5.97236890892035
1603,D (psi_sub023_video),46.7534539214204,81.5357453790518,63.5008332928667,73.5309287201911
1604,A (psi_sub025_video),88.8035935969751,2.69196867624466,46.7586585283739,24.1323389535034
1605,B (psi_sub025_video),0.934760809694826,82.6802153265844,18.2122679244547,36.3822397552686
1606,C (psi_sub025_video),65.9506937892938,65.6894761027647,78.2617639890456,64.7757516006699
1607,D (psi_sub025_video),37.8406950311447,20.0570646057468,0.423086145995692,10.1428597921762
1608,A (psi_sub026_video),43.6889245552724,7.02569479566661,11.5208216250664,0.928474485439656
1609,B (psi_sub026_video),38.5083214324922,43.8183897670145,95.2414616227072,9.45866889794496
1610,C (psi_sub026_video),11.0278437252692,13.6054323396928,55.0135417251815,0.630390416087956
1611,D (psi_sub026_video),79.2313666152373,39.6339838193406,47.8782318643714,86.0590638351999
1612,A (psi_sub027_video),96.8274667643458,13.3044539585373,42.6721693117547,63.1982958078442
1613,B (psi_sub027_video),0.0434502087259612,39.5684016090311,44.5423309079457,1.54020252720163
1614,C (psi_sub027_video),57.0539759424564,29.5629462044693,92.7174464727099,12.5956724667004
1615,D (psi_sub027_video),21.9185202813844,89.1521100616387,42.1681226817497,67.2481104300805
1616,A (psi_sub028_video),83.3403934361492,36.2355207921265,73.7112564352551,52.926467971074
1617,B (psi_sub028_video),0.198445588691281,50.5301512720702,33.5436587950595,0.166721204286708
1618,C (psi_sub028_video),47.9957111435715,78.1574571009549,77.9169015095582,55.7591260839282
1619,D (psi_sub028_video),72.2709134977945,3.27153765270821,14.3702337768002,57.5863136348188
1620,A (psi_sub031_video),97.2006456948372,18.6477123489197,52.4771464641346,61.900442318217
1621,B (psi_sub031_video),8.14915731307905,59.5387022237319,12.3695360437865,0.778158096041271
1622,C (psi_sub031_video),32.9687624056124,61.3212754659393,94.5623942659732,15.1552239044626
1623,D (psi_sub031_video),24.7096709138236,51.8611623811809,13.8087179074562,87.7136963351343
1624,A (psi_sub032_video),89.9567995045062,5.20232534263386,24.2112610921311,63.2195758592034
1625,B (psi_sub032_video),14.8989123852385,82.6614611141938,79.7892864986837,15.6842426957231
1626,C (psi_sub032_video),78.8163228723441,29.7043839505601,88.1813204027666,29.2815478713988
1627,D (psi_sub032_video),13.5462174099339,47.2454584589805,5.91562548354149,80.935817795316
1628,A (psi_sub202_video),88.9196539073653,26.7678306688689,75.0331360122753,43.8848878160104
1629,B (psi_sub202_video),39.0612503955149,87.135522141161,66.2026226146345,64.1749336119272
1630,C (psi_sub202_video),27.9610014775746,30.500201653398,85.7855092450904,1.90394257962746
1631,D (psi_sub202_video),57.1317025814658,10.3103583176824,8.33645798644065,82.3811125285285
1632,A (psi_sub203_video),37.3938027161069,2.16753009083111,28.6671796566356,0.440948148744012
1633,B (psi_sub203_video),1.22522080738095,59.0871730263973,30.3612098068652,0.340406758205055
1634,C (psi_sub203_video),26.7601316273797,45.4122199732365,88.3467665121593,5.82420825849156
1635,D (psi_sub203_video),42.5979077597471,83.2770297560572,60.7145849476523,72.4434591773039
1636,A (psi_sub204_video),46.5577078256702,1.47499568227811,54.689636798101,0.507434965124152
1637,B (psi_sub204_video),0.110142460536113,47.2004707106544,48.1487004658512,0.0956075236351118
1638,C (psi_sub204_video),27.4843325635269,41.4940269080101,89.2119699522317,4.46291066109723
1639,D (psi_sub204_video),47.3752010602368,64.2368229105604,52.9539817285217,69.5900606664395
1640,A (psi_sub206_video),53.7145532502884,54.2115320824436,97.6008370055699,25.9100855150569
1641,B (psi_sub206_video),2.75432411812505,83.4254554407918,19.1587591307313,45.8255620496159
1642,C (psi_sub206_video),1.1921491198179,1.37665971633796,34.0533096868142,18.4856858505008
1643,D (psi_sub206_video),72.3156032540826,18.6121804203621,21.5447992151161,87.1134371276569
1644,A (psi_sub208_video),64.2233402587229,63.3927525707704,69.3310426370034,70.255346101285
1645,B (psi_sub208_video),14.8090276436615,71.6113854261976,73.4169743250873,13.677387014611
1646,C (psi_sub208_video),47.9829351223533,46.7019053090021,93.8197484914463,18.1115056973632
1647,D (psi_sub208_video),26.6334510794895,86.0976754572873,60.6175417752075,49.9531798987453
1648,A (psi_sub209_video),72.9268725698723,48.722805928741,90.5995369044208,42.5883693865185
1649,B (psi_sub209_video),1.51813813114273,57.6761123262264,24.9061044721173,0.8454476433563
1650,C (psi_sub209_video),5.90335691504575,16.301168658971,59.1535672868287,3.18547567985138
1651,D (psi_sub209_video),34.987451249249,61.8348788704303,26.7094707074178,90.2510528747067
1652,A (psi_sub210_video),87.4513125826397,8.58059098236405,25.1757583744122,70.1396585177034
1653,B (psi_sub210_video),3.46955391535017,70.3220096556655,10.0879797160907,10.1606267516029
1654,C (psi_sub210_video),39.1738418310956,12.6532986198926,74.9424111383647,1.23851902491038
1655,D (psi_sub210_video),48.4820386824459,81.5559566501949,65.0643755133676,73.975203811701
1656,A (psi_sub213_video),88.3052727953935,9.27204605561117,27.5534391166643,68.6265778914779
1657,B (psi_sub213_video),25.779447020804,80.4819435885467,37.7931551353239,73.2086590853402
1658,C (psi_sub213_video),61.1040648266531,58.6032114446145,93.5795559091954,38.6879497850282
1659,D (psi_sub213_video),9.24600525512665,2.15102414222186,23.7335538816824,13.9198552914012
1660,A (psi_sub217_video),43.6820119184774,21.0745075249917,54.8503268747428,16.7749644605429
1661,B (psi_sub217_video),2.89897942464869,23.3727896066039,25.6293130431075,1.73465923565497
1662,C (psi_sub217_video),43.8118968742191,34.1511650613814,64.5140047235255,22.5456260194681
1663,D (psi_sub217_video),1.26305665237718,0.0740427379416407,6.60492224598071,16.7837457636508
1664,A (psi_sub218_video),89.311997654101,0.671680504584696,31.6463078784819,30.0489807172725
1665,B (psi_sub218_video),12.7582122934899,96.7243200939467,53.353471942863,40.4459562035861
1666,C (psi_sub218_video),20.2081923184489,31.470509949143,81.3727210190222,0.68269944100034
1667,D (psi_sub218_video),75.8636446440007,43.8858011509347,54.033327942884,79.3238677025766
1668,A (psi_sub219_video),27.2128479468439,35.9906640894336,0.0320688778312295,0.0182484181066199
1669,B (psi_sub219_video),10.2396731852507,93.7425703927311,66.0501649085962,22.7649322074955
1670,C (psi_sub219_video),73.6964249984631,27.187197413549,89.367410655639,22.3856819043883
1671,D (psi_sub219_video),61.8981416700262,60.329670088239,49.0550500311544,91.1365254956601
1672,A (psi_sub220_video),93.1591793382445,29.0000070137754,58.843369534473,68.6616896589092
1673,B (psi_sub220_video),47.6574722589309,81.7588011932012,72.7466208917283,63.9497930606073
1674,C (psi_sub220_video),7.20702420405376,63.2966320289684,74.4307354128164,2.85370966252321
1675,D (psi_sub220_video),20.7995061283024,19.9504931298823,0.940148921257899,83.498321198125
1676,A (psi_sub221_video),51.3631262773663,6.79368705207533,66.4575009035575,3.04261088984159
1677,B (psi_sub221_video),13.5924185112043,82.9904319029328,67.4997255551126,21.2629457576392
1678,C (psi_sub221_video),52.593764289355,78.3685131813287,74.6150906130116,65.3533229123098
1679,D (psi_sub221_video),34.9253525361715,23.8538386907413,5.6176869004309,91.2151572298499
1680,A (psi_sub222_video),53.1004032694583,2.31949526502375,13.1564829360773,7.30830133656237
1681,B (psi_sub222_video),10.3335839151288,72.3767351950481,26.564142475081,49.264094480473
1682,C (psi_sub222_video),75.4156747433179,44.6424905259097,87.626641979638,43.0072688828758
1683,D (psi_sub222_video),9.74203183463989,1.72788376456582,15.989780577794,5.95532358156315
1684,A (psi_sub223_video),79.2082905655573,10.4395504835097,70.4524849127825,17.5914924161235
1685,B (psi_sub223_video),23.5912520228586,76.6293215136487,29.5704904041394,79.1029716675144
1686,C (psi_sub223_video),20.344944049778,69.6258989821421,86.6234176391171,12.1295555656277
1687,D (psi_sub223_video),85.7359089982351,37.5547612323961,53.6920361161712,81.6322820549288
1688,A (psi_sub224_video),26.3538622160084,16.456901140799,0.0627455999808856,3.8042751631475
1689,B (psi_sub224_video),27.3329702837854,80.7922914097281,61.1055630798447,46.326546758074
1690,C (psi_sub224_video),64.3140681162199,15.9230927718443,76.7112723078706,12.5832092429963
1691,D (psi_sub224_video),73.7989883003854,12.6804478571695,19.7892412755429,78.0972013778166
1692,A (psi_sub225_video),53.755048135221,0.112495221333246,40.9847363919006,0.631149999126116
1693,B (psi_sub225_video),0.267747356691827,86.3796554139053,19.8828489796,30.1486873513773
1694,C (psi_sub225_video),44.036393801869,57.8834742052222,98.5926425182942,19.9672776889943
1695,D (psi_sub225_video),80.017665349642,29.8728590126659,36.0883586982538,90.1430239482858
1696,A (psi_sub227_video),58.9913961401603,0.344611907083611,34.6350795529475,2.37665219385773
1697,B (psi_sub227_video),3.75331166014174,40.7419380551792,62.7204409345853,0.0076028656663317
1698,C (psi_sub227_video),71.7977320713965,57.3095519081217,84.4736384280039,55.8921762549524
1699,D (psi_sub227_video),35.4295157349555,28.0311469373923,7.75675797667129,91.3827893729678
1700,A (psi_sub228_video),97.1065656358743,18.5191009131641,64.4394697322244,48.0088311769386
1701,B (psi_sub228_video),6.20538189404605,49.2194943556603,71.7065528276837,0.385733963360412
1702,C (psi_sub228_video),57.3128767954568,64.0784245721457,95.886207520143,38.01841330109
1703,D (psi_sub228_video),36.6077279987821,86.9295845236131,57.7153254495099,70.263456159889
1704,A (psi_sub229_video),54.2431483787434,0.0833229642020012,1.39455231953723,49.4493220008031
1705,B (psi_sub229_video),1.28247482907257,65.2505888885949,6.73732211946292,19.3755187026369
1706,C (psi_sub229_video),49.6735082809975,47.739425776955,95.518788423472,19.2291152014116
1707,D (psi_sub229_video),65.8764157806399,53.5005058390485,46.7094847721943,91.290820081517
1708,A (psi_sub230_video),54.1933060237654,0.0193740827780955,44.9997229260267,0.96490820747097
1709,B (psi_sub230_video),5.91206619046345,63.3961731769103,71.0218046044867,2.64378690648869
1710,C (psi_sub230_video),71.0970597783656,61.3177717917629,72.1762183228326,72.783749030093
1711,D (psi_sub230_video),49.583771107658,6.99343999753582,3.46069326734601,81.9643652354473
1712,A (psi_sub233_video),83.9652993197713,35.2611474758743,85.5449596532427,41.5853202695144
1713,B (psi_sub233_video),20.2309083781037,82.2546168704229,82.551472377544,20.3505323451917
1714,C (psi_sub233_video),9.39299816253847,7.53980575464179,14.7354998377013,26.7425161642491
1715,D (psi_sub233_video),60.6250170614267,41.3249059651885,29.0023199479504,97.953255248264
