,Dataset,Subject,Group,Condition,MeanDuration_A,MeanDuration_B,MeanDuration_C,MeanDuration_D,MeanDurationAll,MeanOccurrence_A,MeanOccurrence_B,MeanOccurrence_C,MeanOccurrence_D,MeanOccurrenceAll,Coverage_A,Coverage_B,Coverage_C,Coverage_D,MeanGFP_A,MeanGFP_B,MeanGFP_C,MeanGFP_D,OrgTM_A->B,OrgTM_A->C,OrgTM_A->D,OrgTM_B->A,OrgTM_B->C,OrgTM_B->D,OrgTM_C->A,OrgTM_C->B,OrgTM_C->D,OrgTM_D->A,OrgTM_D->B,OrgTM_D->C,psi/ctrl
0,ctrl_sub001_meditation,sub001,non meditator,meditation,0.06307,0.06002,0.05971,0.061131,0.061011,4.2437,4.2159,3.882,4.0489,16.3906,26.7378,25.3171,23.1952,24.7499,8.099,8.0912,7.9846,7.9865,9.1739,7.2202,9.4925,10.5755,7.5388,7.6025,6.7743,9.3226,7.6025,8.5581,7.2202,8.9191,ctrl
1,ctrl_sub002_meditation,sub002,non meditator,meditation,0.055338,0.056369,0.056214,0.053058,0.05527,4.6561,4.5787,4.5153,4.3429,18.0929,25.7647,25.7919,25.3673,23.0761,6.8562,6.819,7.1021,6.9936,8.5119,8.6093,8.5898,9.0962,8.6287,7.5769,8.4145,8.7067,7.8496,8.1808,8.1028,7.7328,ctrl
2,ctrl_sub003_meditation,sub003,non meditator,meditation,0.037644,0.041394,0.035682,0.034101,0.037427,6.2269,7.7003,6.729,6.0627,26.7188,23.4338,31.7199,24.0699,20.7763,4.9393,5.1109,4.9889,4.7371,9.1534,7.3898,6.7901,9.5062,10.8466,8.5009,7.2134,10.6173,7.3369,6.5608,9.0829,7.0018,ctrl
3,ctrl_sub004_meditation,sub004,non meditator,meditation,0.064135,0.065509,0.065973,0.074902,0.067985,3.4818,2.9342,4.1086,4.1844,14.709,22.3688,19.2427,27.1294,31.2591,10.6568,9.9973,10.5685,12.1659,6.0201,8.9248,8.7374,5.5517,7.0274,7.3788,9.3933,6.1841,12.3448,8.7374,7.7301,11.97,ctrl
4,ctrl_sub005_meditation,sub005,non meditator,meditation,0.046112,0.047458,0.060316,0.056652,0.053008,4.2104,4.5546,4.7805,5.3194,18.8649,19.5205,21.7069,28.7072,30.0654,4.9683,4.7711,6.1294,5.4529,6.545,6.8953,8.8864,6.6187,8.0015,9.5317,7.3746,8.1858,9.7714,8.3333,9.4211,10.4351,ctrl
5,ctrl_sub006_meditation,sub006,non meditator,meditation,0.043079,0.042266,0.046407,0.041335,0.043392,5.6675,5.2348,6.4371,5.7065,23.0458,24.4226,22.1511,29.7868,23.6395,4.0906,4.26,4.2211,4.074,6.8689,9.7182,8.0086,7.3156,8.2396,7.1308,9.672,8.6709,9.6103,7.6082,7.1924,9.9646,ctrl
6,ctrl_sub007_meditation,sub007,non meditator,meditation,0.049403,0.047832,0.055941,0.054718,0.052233,4.9392,4.0667,5.4605,4.6785,19.1449,24.4527,19.5182,30.4724,25.5567,4.4217,4.6121,5.0323,5.3674,6.2489,10.663,8.8647,7.2661,8.0836,5.9037,10.0817,8.7738,9.6821,8.465,6.1944,9.7729,ctrl
7,ctrl_sub008_meditation,sub008,non meditator,meditation,0.062306,0.061437,0.050601,0.055038,0.057527,4.6835,4.3544,4.1985,4.1466,17.3831,29.106,26.695,21.3426,22.8564,9.4962,9.094,7.91,8.7829,9.3918,9.1725,8.3749,9.1725,7.3779,8.5145,9.4915,7.657,6.9791,8.2951,7.996,7.5773,ctrl
8,ctrl_sub009_meditation,sub009,non meditator,meditation,0.044706,0.035398,0.035079,0.03879,0.038536,6.3374,6.0408,6.3586,7.213,25.9497,28.1392,21.4768,22.4139,27.9701,5.2349,4.3225,4.3936,4.6051,7.7855,7.4316,9.2146,6.5877,7.4724,9.2146,8.1258,6.9961,9.378,9.691,8.5069,9.5958,ctrl
9,ctrl_sub010_meditation,sub010,non meditator,meditation,0.040197,0.034932,0.035745,0.041866,0.038282,7.2632,6.2086,6.2789,6.3709,26.1217,29.1267,21.7913,22.5232,26.5589,4.0685,4.0149,4.2099,4.9098,8.9278,9.4493,9.4493,9.2199,7.5511,7.0505,9.0113,7.1131,7.8849,9.491,7.7388,7.1131,ctrl
10,ctrl_sub011_meditation,sub011,non meditator,meditation,0.043353,0.044553,0.047965,0.040289,0.044218,5.7307,5.6222,6.1645,5.0979,22.6154,24.8654,25.0405,29.4681,20.626,4.2048,4.4256,4.7054,4.2516,8.7298,9.6909,6.9198,8.4094,9.6588,6.8236,9.1142,9.3224,8.8099,7.8168,6.7916,7.9129,ctrl
11,ctrl_sub012_meditation,sub012,non meditator,meditation,0.042772,0.051326,0.038346,0.044011,0.044694,5.0424,6.5452,4.6511,6.1357,22.3744,21.6086,33.4082,17.9616,27.0216,4.2206,4.5664,3.953,4.3153,9.5807,5.2244,7.7301,9.1386,8.0085,12.1192,5.0115,8.1395,7.6155,8.3688,11.5624,7.5008,ctrl
12,ctrl_sub013_meditation,sub013,non meditator,meditation,0.045934,0.047262,0.053805,0.048322,0.048854,4.74,5.3996,5.094,5.2356,20.4692,21.8272,25.5531,27.3094,25.3104,7.1706,7.3205,8.3146,7.1805,8.3622,7.1572,7.6137,8.0519,8.8735,9.4395,7.1572,9.2021,8.5083,7.9606,8.837,8.837,ctrl
13,ctrl_sub014_meditation,sub014,non meditator,meditation,0.038098,0.036003,0.039551,0.033641,0.037007,7.1429,6.9387,7.2304,5.7099,27.0218,27.1729,25.0171,28.5026,19.3073,6.0785,6.0408,6.7096,6.1118,9.5515,9.8622,7.0116,9.565,9.5109,6.6198,10.0919,9.1732,7.471,6.7955,6.9846,7.3629,ctrl
14,ctrl_sub017_meditation,sub017,non meditator,meditation,0.036772,0.038048,0.043167,0.040602,0.039817,5.4889,6.2595,6.7489,6.6174,25.1147,20.2637,23.869,29.0245,26.8428,3.049,3.0937,3.3308,3.2154,6.8298,7.4559,7.5724,6.8006,9.4219,8.6792,7.6889,9.0869,10.0917,7.354,9.0141,10.0044,ctrl
15,ctrl_sub018_meditation,sub018,non meditator,meditation,0.029027,0.026672,0.025589,0.025816,0.026716,8.9273,8.4529,9.7395,10.3109,37.4306,25.7699,22.548,24.9988,26.6833,5.0071,5.1525,5.1422,5.8337,6.5687,8.2493,9.0368,6.2614,7.7691,8.5566,8.403,7.6539,9.9587,9.1808,8.3645,9.9971,ctrl
16,ctrl_sub019_meditation,sub019,non meditator,meditation,0.058314,0.050912,0.051217,0.04524,0.051669,5.404,5.0819,4.1743,4.6939,19.354,31.3792,25.8871,21.3862,21.3475,8.4345,7.4425,9.3976,7.1824,10.2399,8.1991,9.4701,9.5417,7.6441,9.0763,8.3602,7.5009,5.7107,10.0251,8.5213,5.7107,ctrl
17,ctrl_sub020_meditation,sub020,non meditator,meditation,0.044693,0.040643,0.03943,0.03787,0.040674,6.2775,5.7983,6.4272,6.0828,24.5858,27.9376,23.567,25.3802,23.1153,5.9874,5.843,5.6087,5.6629,7.7956,9.3516,8.4058,7.7498,7.8719,7.9481,9.4279,8.3143,8.4058,8.3295,7.46,8.9397,ctrl
18,ctrl_sub021_meditation,sub021,non meditator,meditation,0.04452,0.048639,0.045342,0.050066,0.047218,4.7572,5.6764,5.469,5.2758,21.1783,21.2312,27.5767,24.8391,26.353,4.8993,4.9017,4.8281,5.5238,7.678,8.1684,6.6295,7.1368,9.3692,10.2993,8.3206,9.5552,7.9486,7.0015,9.5721,8.3206,ctrl
19,ctrl_sub022_meditation,sub022,non meditator,meditation,0.042961,0.049466,0.047469,0.046255,0.046681,4.6538,5.6036,5.3211,5.8437,21.4221,20.0639,27.6543,25.2416,27.0401,6.8567,7.7162,8.1233,7.4998,6.9767,6.9767,7.7684,7.2406,8.4777,10.4404,6.6964,9.0879,9.0549,7.7849,10.1105,9.3848,ctrl
20,ctrl_sub023_meditation,sub023,non meditator,meditation,0.054145,0.049314,0.057314,0.050027,0.052906,4.9549,4.2635,5.0846,4.5984,18.9014,26.8062,21.081,29.0602,23.0526,4.8981,4.648,5.1608,5.0957,7.8656,9.9656,8.4002,8.2856,7.8465,6.3956,9.9465,7.4074,9.5265,7.9801,7.2738,9.1065,ctrl
21,ctrl_sub025_meditation,sub025,non meditator,meditation,0.045596,0.045134,0.041969,0.04035,0.043342,6.1327,5.9319,5.2345,5.7734,23.0725,27.9015,26.7263,22.0002,23.372,5.468,5.914,5.724,5.5819,9.502,7.8674,9.2117,9.5325,7.9132,8.2646,7.3786,7.7605,7.5466,9.6548,8.4632,6.905,ctrl
22,ctrl_sub026_meditation,sub026,non meditator,meditation,0.042775,0.05102,0.042945,0.043161,0.045196,5.4589,6.139,5.1755,5.3526,22.126,23.4063,31.1699,22.2753,23.1485,4.4379,5.0807,4.6166,4.8691,9.0545,7.7885,7.8205,9.9038,8.6859,9.1667,6.9551,9.2468,7.2115,7.8365,9.4391,6.891,ctrl
23,ctrl_sub027_meditation,sub027,non meditator,meditation,0.043313,0.041396,0.041264,0.037546,0.041001,6.4293,6.2716,6.1982,5.4904,24.3895,27.7782,25.9507,25.5688,20.7023,4.8521,4.9109,4.8399,4.7796,9.6716,9.295,7.4119,9.0389,8.3911,8.2706,9.5209,9.0389,6.8695,7.7584,7.0202,7.7132,ctrl
24,ctrl_sub028_meditation,sub028,non meditator,meditation,0.037568,0.036823,0.038136,0.042277,0.038816,5.9437,6.1959,6.6111,7.0116,25.7623,22.3659,22.8758,25.2341,29.5241,4.5192,4.498,4.5406,4.9262,7.2098,7.5415,8.3201,7.3252,7.9019,8.8248,7.6136,8.0173,10.036,8.1759,8.8248,10.2091,ctrl
25,ctrl_sub029_meditation,sub029,non meditator,meditation,0.050959,0.042791,0.047992,0.041744,0.046212,5.8388,4.9113,6.0411,4.8481,21.6392,29.6387,21.0859,28.9477,20.3278,4.2143,3.8435,4.2665,4.0613,8.4786,10.8674,7.6953,7.9303,8.6939,6.0701,10.8674,8.3807,8.6939,8.1457,5.8351,8.3415,ctrl
26,ctrl_sub030_meditation,sub030,non meditator,meditation,0.059878,0.064532,0.063167,0.051021,0.059855,3.9229,3.9472,4.9001,3.9368,16.707,23.489,25.4126,30.9,20.1984,6.3765,6.6216,5.8522,5.2141,7.2515,9.7104,6.5222,6.8556,9.7104,7.064,10.1271,9.2311,9.9812,6.5222,7.1473,9.8771,ctrl
27,ctrl_sub031_meditation,sub031,non meditator,meditation,0.050767,0.052154,0.052532,0.057589,0.053433,4.4748,4.1272,4.9102,5.2029,18.7151,22.7603,21.5442,25.8103,29.8852,6.0054,6.2667,6.3611,6.5705,6.5635,8.0721,9.2476,6.5243,7.1317,8.4052,8.6011,7.4451,10.1685,8.7382,8.0525,11.0502,ctrl
28,ctrl_sub032_meditation,sub032,non meditator,meditation,0.077323,0.062097,0.067182,0.053798,0.06582,4.1707,3.7275,4.0045,3.2904,15.193,32.1074,23.1875,26.8869,17.8182,8.6822,7.7832,7.9235,7.3017,9.4366,10.6976,7.3419,9.7824,8.1961,6.508,10.3112,8.2774,7.8096,7.3826,6.8538,7.4029,ctrl
29,ctrl_sub201_meditation,sub201,meditator,meditation,0.052859,0.057763,0.047565,0.047988,0.051796,5.226,5.1069,4.3993,4.5745,19.3066,27.6033,29.3853,20.9947,22.0166,6.3518,7.2166,6.4571,6.6243,10.147,8.4226,8.4952,10.2378,7.6239,8.6041,8.2411,7.9325,6.5892,8.6041,8.3681,6.7344,ctrl
30,ctrl_sub204_meditation,sub204,meditator,meditation,0.067204,0.052027,0.054247,0.056352,0.057748,4.5388,3.6199,4.4762,4.6816,17.3165,30.3592,18.9027,24.3346,26.4035,6.7958,6.4827,7.1528,6.9029,6.2953,9.0105,10.8809,6.3757,7.6227,6.9187,9.1915,7.4417,9.2317,10.6396,7.1802,9.2116,ctrl
31,ctrl_sub205_meditation,sub205,meditator,meditation,0.054748,0.054704,0.057021,0.055995,0.055623,4.4645,4.394,4.4437,4.6759,17.9781,24.4558,24.0509,25.3169,26.1764,6.3567,6.4202,7.8172,7.189,8.1382,8.3469,8.3932,9.0888,7.0021,8.3237,7.3731,7.9295,9.3902,8.3237,8.4164,9.2743,ctrl
32,ctrl_sub206_meditation,sub206,meditator,meditation,0.044219,0.046384,0.047763,0.047314,0.046525,4.575,5.5956,5.3493,5.974,21.4939,20.274,25.9579,25.5226,28.2456,6.0337,6.4222,6.538,6.2189,7.0564,6.1795,8.142,6.9729,9.1441,9.9791,6.3466,8.5177,9.8956,7.8914,10.3549,9.5198,ctrl
33,ctrl_sub207_meditation,sub207,meditator,meditation,0.055271,0.043946,0.03882,0.03921,0.045152,6.7365,5.3534,5.0164,5.041,22.1474,36.9448,23.5537,19.6086,19.893,4.8148,4.5777,4.4389,4.5215,10.831,9.5306,10.0698,10.4662,6.9775,6.7238,10.0222,6.6445,5.9626,9.9271,6.692,6.1529,ctrl
34,ctrl_sub208_meditation,sub208,meditator,meditation,0.039336,0.038723,0.032885,0.035188,0.036653,7.5792,6.5117,6.286,6.9058,27.2827,29.708,25.1455,20.7941,24.3524,3.5857,4.0034,3.3567,3.6921,9.2876,8.3884,10.0604,8.6694,7.0114,8.1917,9.3719,6.6461,7.0535,9.7794,7.9387,7.6015,ctrl
35,ctrl_sub209_meditation,sub209,meditator,meditation,0.05665,0.061323,0.054402,0.052669,0.056453,4.2506,4.9654,4.1194,4.3784,17.7138,24.0769,30.3664,22.4395,23.1171,5.8605,5.703,5.6178,5.6128,9.2221,7.1164,7.6623,9.0271,9.2026,9.807,7.0189,8.9881,7.2529,7.9548,9.8265,6.9214,ctrl
36,ctrl_sub210_meditation,sub210,meditator,meditation,0.048385,0.04837,0.054428,0.050616,0.050477,4.6976,4.7865,4.8505,5.4763,19.8108,22.7664,23.1905,26.3272,27.7159,4.8029,4.8556,5.4122,4.981,7.2032,7.76,8.7659,7.4008,7.4367,9.3408,7.3648,7.5624,9.5384,8.9276,9.3946,9.3048,ctrl
37,ctrl_sub211_meditation,sub211,meditator,meditation,0.041143,0.041397,0.037122,0.037302,0.039283,6.6392,6.3589,6.2327,6.2257,25.4565,27.2556,26.2588,23.2024,23.2831,3.7068,4.2464,3.8868,3.7204,8.5754,8.5341,8.9608,8.9745,8.3964,7.6118,8.3001,8.3001,7.8871,8.8094,8.0936,7.5568,ctrl
38,ctrl_sub212_meditation,sub212,meditator,meditation,0.038484,0.038652,0.04004,0.041925,0.039879,6.0453,5.566,6.5104,6.9539,25.0757,23.3052,21.5462,26.0623,29.0864,4.8031,4.6202,4.9204,5.1917,6.5401,8.3393,9.2246,6.74,7.3683,8.068,8.6534,6.9399,10.3955,8.7106,8.7391,10.2813,ctrl
39,ctrl_sub213_meditation,sub213,meditator,meditation,0.055245,0.052188,0.049983,0.044066,0.050486,5.0503,5.0145,5.0681,4.6744,19.8073,27.8083,26.1372,25.3419,20.7127,8.4104,7.2391,7.6336,7.2555,8.7012,8.6107,8.1585,8.267,9.3705,7.652,9.1715,8.6469,7.7967,8.068,7.9957,7.5615,ctrl
40,ctrl_sub214_meditation,sub214,meditator,meditation,0.043242,0.03963,0.036828,0.040816,0.040225,6.8504,6.0246,6.0621,5.9232,24.8604,29.5243,23.8924,22.4234,24.1599,4.4784,4.3606,4.6471,5.1538,9.3069,9.2161,9.0194,9.4885,7.5212,7.2185,9.2312,7.6271,7.5363,8.8529,7.3093,7.6725,ctrl
41,ctrl_sub215_meditation,sub215,meditator,meditation,0.046793,0.049442,0.04919,0.051857,0.049434,4.5062,5.1538,5.1538,5.4151,20.2289,21.1325,25.481,25.3565,28.0301,6.8251,7.4042,7.3684,7.257,8.0143,7.1697,7.0758,7.2447,7.958,10.2853,7.8453,8.277,9.3656,7.226,9.1779,10.3604,ctrl
42,ctrl_sub216_meditation,sub216,meditator,meditation,0.048735,0.036855,0.03717,0.04528,0.042403,7.1311,5.581,5.6056,5.2653,23.583,34.5499,20.7085,20.9685,23.7731,5.0818,4.4707,4.9007,5.9774,10.7405,9.9546,9.5704,10.5484,7.1952,5.9029,9.9197,7.073,6.7936,9.78,5.868,6.6539,ctrl
43,ctrl_sub217_meditation,sub217,meditator,meditation,0.043146,0.041568,0.051605,0.045605,0.045669,5.2382,5.2487,5.911,5.4988,21.8967,22.656,21.9081,30.3567,25.0791,7.2101,7.1153,8.296,7.4061,7.4372,8.3548,8.1455,7.1636,9.1919,7.5821,9.1758,8.4675,9.3529,7.5821,8.0811,9.4656,ctrl
44,ctrl_sub218_meditation,sub218,meditator,meditation,0.034354,0.036076,0.039855,0.034471,0.036412,6.0601,6.8551,7.9862,6.5624,27.4638,20.8839,24.7424,31.6859,22.6878,3.3522,3.5499,3.5383,3.4574,6.8511,8.6166,6.5876,6.9565,10.6192,7.3781,8.8933,10.2767,9.9209,6.1924,7.8524,9.8551,ctrl
45,ctrl_sub219_meditation,sub219,meditator,meditation,0.046302,0.059615,0.05406,0.055824,0.054422,3.9654,5.248,4.4805,4.681,18.375,18.4746,31.1896,24.2275,26.1083,6.744,7.3377,7.7793,8.1189,7.9601,6.8498,6.7557,8.4306,9.315,10.8205,6.5864,9.8984,7.9037,6.5676,10.7076,8.2047,ctrl
46,ctrl_sub220_meditation,sub220,meditator,meditation,0.053464,0.053429,0.053627,0.059094,0.054953,4.5378,4.3784,4.5732,4.7079,18.1973,24.285,23.4168,24.5461,27.7522,6.2486,6.5902,6.5825,7.6698,7.7163,9.1582,8.0865,7.5214,7.5214,9.0218,8.8659,7.5019,8.788,8.5737,8.788,8.4567,ctrl
47,ctrl_sub221_meditation,sub221,meditator,meditation,0.04386,0.044765,0.045162,0.041742,0.043919,5.9149,5.4924,5.9743,5.3877,22.7693,25.9441,24.5669,26.9487,22.5404,5.4823,5.5038,5.8444,5.3778,8.6977,9.3726,7.9153,8.1147,8.7744,7.225,9.2192,8.5136,8.5136,8.6516,6.9029,8.0994,ctrl
48,ctrl_sub222_meditation,sub222,meditator,meditation,0.043557,0.048901,0.045414,0.052531,0.047841,4.773,5.243,5.0827,5.8041,20.9027,20.8718,25.6162,23.1317,30.3802,3.9996,3.9995,4.1486,4.1847,7.1217,7.9944,7.6977,6.8424,7.4009,10.857,7.942,7.1566,9.1814,8.0817,10.8221,8.9021,ctrl
49,ctrl_sub223_meditation,sub223,meditator,meditation,0.045706,0.050251,0.049473,0.048038,0.048415,4.7922,5.2508,5.1228,5.489,20.6547,21.9547,26.3472,25.3223,26.3758,4.5204,5.1038,4.7159,4.8305,7.2192,7.6499,8.3563,7.6844,7.96,9.7174,7.5465,8.7698,8.5114,7.96,9.4245,9.2006,ctrl
50,ctrl_sub224_meditation,sub224,meditator,meditation,0.041201,0.04406,0.048901,0.045249,0.044992,4.8068,5.6283,5.5933,6.1981,22.2264,19.8821,24.8203,27.2589,28.0388,4.5018,4.6353,5.2505,4.7616,6.7978,7.2384,7.5688,6.8922,8.4815,9.9449,6.4516,8.3399,10.3855,8.2769,10.181,9.4414,ctrl
51,ctrl_sub225_meditation,sub225,meditator,meditation,0.059818,0.058696,0.056663,0.058331,0.058371,4.1837,4.4393,4.2942,4.2147,17.1319,25.0058,26.052,24.3565,24.5856,9.1809,9.014,9.0114,9.3861,8.2308,7.7668,8.4325,8.5132,9.0176,8.372,7.8677,9.3807,7.8071,8.0492,8.2913,8.2711,ctrl
52,ctrl_sub226_meditation,sub226,meditator,meditation,0.054291,0.049663,0.060387,0.05046,0.053955,4.9763,4.109,4.9346,4.5142,18.5341,27.0105,20.4695,29.685,22.8351,7.0219,6.8446,7.4131,6.8189,7.9918,10.4918,8.4221,8.0943,7.4385,6.6189,9.9385,7.2951,9.3443,8.791,6.9057,8.668,ctrl
53,ctrl_sub227_meditation,sub227,meditator,meditation,0.03801,0.04008,0.037658,0.035635,0.037862,6.0822,6.7949,7.0099,6.5245,26.4115,23.114,27.1579,26.4052,23.3229,3.2103,3.4043,3.362,3.2778,7.5719,8.4132,7.0577,7.9224,9.3012,8.4132,7.8523,9.4181,9.2779,7.2447,8.6469,8.8806,ctrl
54,ctrl_sub228_meditation,sub228,meditator,meditation,0.064085,0.066826,0.073283,0.063927,0.067218,3.5151,3.7435,4.0133,3.6051,14.877,22.5584,25.0205,29.3405,23.0805,7.9787,8.2132,8.8081,8.2378,8.4691,8.7017,6.4449,8.1666,10.0279,6.98,7.8874,8.2597,10.819,7.5849,8.4225,8.2364,ctrl
55,ctrl_sub229_meditation,sub229,meditator,meditation,0.044744,0.042837,0.041694,0.054563,0.046319,5.4218,4.8956,5.2336,6.0385,21.5896,24.2947,21.042,21.9212,32.7421,6.8748,6.6992,6.7637,8.1541,6.6516,8.4921,9.9613,7.0714,6.7646,8.8473,8.4598,6.6193,9.1702,9.5899,9.3962,8.9764,ctrl
56,ctrl_sub230_meditation,sub230,meditator,meditation,0.044879,0.039685,0.04769,0.044327,0.04438,5.5379,4.9964,6.3415,5.6567,22.5326,24.842,19.9294,30.1525,25.0761,6.4968,5.681,6.5578,6.609,6.7783,9.9581,7.8486,6.4061,8.1123,7.647,10.2839,8.2364,9.6169,7.8796,7.1661,10.0667,ctrl
57,ctrl_sub231_meditation,sub231,meditator,meditation,0.045552,0.054321,0.044864,0.04992,0.048865,4.7093,5.7403,5.1968,4.818,20.4644,21.5132,31.0588,23.3963,24.0317,6.1374,6.9161,6.3455,7.7312,8.5749,7.906,6.5512,8.5749,10.1698,9.2608,7.8031,9.8611,7.7517,6.6198,9.6381,7.2886,ctrl
58,ctrl_sub232_meditation,sub232,meditator,meditation,0.031555,0.032823,0.035274,0.034411,0.033671,6.4194,6.8738,8.439,7.9666,29.6988,20.3327,22.5944,29.6922,27.3807,4.0805,4.1736,4.278,4.2618,5.9295,8.0073,7.6671,5.6987,9.1981,8.2382,8.1652,9.3317,10.9356,7.7521,7.8736,11.2029,ctrl
59,ctrl_sub233_meditation,sub233,meditator,meditation,0.059054,0.052947,0.050365,0.056576,0.055062,5.0804,4.3995,3.8846,4.797,18.1614,29.9306,23.3269,19.6285,27.114,5.9686,5.7414,5.647,5.8993,9.6308,8.1842,10.1637,9.2501,5.9193,9.0598,7.9749,6.2238,7.1945,10.7347,8.3746,7.2897,ctrl
60,ctrl_sub001_music,sub001,non meditator,music,0.067365,0.062583,0.061912,0.062913,0.06381,4.2658,3.7748,3.6935,3.9375,15.6716,28.6907,23.6381,22.8885,24.7826,7.662,8.0242,8.3164,7.8207,8.6262,7.0288,11.5815,10.6829,7.3083,6.0903,7.3882,8.7061,7.4681,9.1653,6.7492,9.2053,ctrl
61,ctrl_sub002_music,sub002,non meditator,music,0.058504,0.051783,0.049389,0.05744,0.05446,5.031,4.5148,4.2886,4.5276,18.362,29.3614,23.4218,21.2582,25.9586,6.889,6.3309,6.5166,6.5957,9.0514,8.5823,9.7637,9.3815,7.2967,7.9222,9.0167,7.3662,6.9666,8.9993,8.1828,7.4705,ctrl
62,ctrl_sub003_music,sub003,non meditator,music,0.035524,0.041128,0.037818,0.037148,0.038014,5.9043,7.0362,6.5162,6.8493,26.3059,21.0482,28.8288,24.6495,25.4736,5.1656,5.5225,5.3418,5.606,8.1025,7.0023,7.3259,7.986,8.7238,10.057,6.8988,9.2156,8.6591,7.5718,9.4098,9.0474,ctrl
63,ctrl_sub004_music,sub004,non meditator,music,0.07196,0.071033,0.07375,0.066734,0.070901,3.9187,2.6021,3.8629,3.7204,14.1042,28.1877,18.4829,28.4588,24.8706,10.9197,9.9825,11.7992,11.2959,6.4148,10.435,10.9402,6.0633,7.1617,5.2285,10.7865,6.3928,10.2153,10.9183,5.6459,9.7979,ctrl
64,ctrl_sub005_music,sub005,non meditator,music,0.043904,0.040444,0.046706,0.043895,0.043854,5.8934,5.2769,6.1246,5.5081,22.803,25.873,21.4205,28.5294,24.177,4.2098,4.0025,4.6293,4.6356,8.2528,9.4522,8.0917,8.5034,7.9484,6.6953,9.5238,7.8768,9.3985,7.8231,7.0175,9.4164,ctrl
65,ctrl_sub006_music,sub006,non meditator,music,0.044744,0.04326,0.045916,0.042898,0.044204,5.741,5.654,5.5992,5.6282,22.6224,25.6741,24.4825,25.6679,24.1755,3.97,4.1065,4.2818,3.9378,8.2514,8.3939,8.7359,8.7359,8.0661,8.1659,8.1374,8.6362,7.9806,8.4937,8.0946,8.3084,ctrl
66,ctrl_sub007_music,sub007,non meditator,music,0.055277,0.054864,0.045809,0.047323,0.050953,5.1197,5.0107,4.8004,4.6952,19.626,28.2162,27.4167,22.0834,22.2837,4.7004,4.9627,4.5652,4.6409,8.9729,8.9535,8.1783,8.7597,8.1783,8.5853,8.7791,8.4302,7.2674,8.469,8.062,7.3643,ctrl
67,ctrl_sub008_music,sub008,non meditator,music,0.062739,0.064234,0.058153,0.051819,0.059679,4.4195,4.5254,4.3043,3.507,16.7563,27.6837,29.0019,25.0523,18.2621,10.2131,9.6923,8.8523,8.9911,9.7602,9.9647,6.6555,10.3551,9.1839,7.4735,9.1281,9.7788,6.7856,6.8972,7.4735,6.544,ctrl
68,ctrl_sub009_music,sub009,non meditator,music,0.036171,0.035925,0.040787,0.036825,0.037471,6.2708,6.0235,6.7524,7.6408,26.6874,22.7235,21.6867,27.4279,28.1619,4.0893,4.1591,4.7615,4.1255,6.5788,7.8726,9.0199,6.591,7.128,8.8368,7.3233,7.2013,10.7897,9.5691,8.7758,10.3137,ctrl
69,ctrl_sub010_music,sub010,non meditator,music,0.036196,0.038162,0.038834,0.039318,0.038063,6.9554,7.2035,6.0606,6.053,26.2725,25.2402,27.4863,23.5121,23.7614,4.492,5.0436,5.0984,5.474,10.3319,7.8891,8.2483,10.1882,8.6363,8.6507,8.4495,8.392,6.1503,7.8316,8.7225,6.5096,ctrl
70,ctrl_sub011_music,sub011,non meditator,music,0.046887,0.041249,0.04055,0.039467,0.042119,6.1743,6.0653,5.8472,5.6556,23.7424,28.8159,25.0427,23.7522,22.3892,4.7052,4.2997,4.5388,4.3895,9.2988,8.6435,8.0719,9.243,8.1277,8.1556,8.7411,8.2811,7.6119,8.0162,7.9883,7.821,ctrl
71,ctrl_sub012_music,sub012,non meditator,music,0.04548,0.048727,0.042257,0.051697,0.047357,4.585,5.3047,5.0188,6.2076,21.1161,20.8875,25.8188,21.3117,31.982,4.4197,4.8174,4.1892,4.5917,6.5519,5.9576,9.1726,6.2929,7.9842,10.8639,6.6585,7.7708,9.3555,8.7612,10.803,9.8278,ctrl
72,ctrl_sub013_music,sub013,non meditator,music,0.048688,0.050904,0.04312,0.049246,0.048215,5.3436,5.9411,4.6127,4.843,20.7404,26.0073,30.1792,19.9836,23.8299,7.1785,7.3023,7.0204,7.8769,11.0842,7.1152,7.567,10.8583,8.0833,9.6644,7.3411,8.777,6.131,7.5347,8.8254,7.0184,ctrl
73,ctrl_sub014_music,sub014,non meditator,music,0.036672,0.035214,0.036971,0.038168,0.036778,6.4052,6.6724,7.1065,7.0063,27.1904,23.4924,23.55,26.2663,26.6913,5.8782,5.816,6.0703,6.2676,7.3063,8.4994,7.7491,7.5646,8.3641,8.5978,7.8352,8.9053,9.4219,8.155,8.3272,9.2743,ctrl
74,ctrl_sub017_music,sub017,non meditator,music,0.039452,0.0452,0.036972,0.038709,0.040307,6.4126,6.8264,5.4227,6.1477,24.8095,25.3247,30.6974,20.1344,23.8436,3.0627,3.4294,3.1962,3.2824,10.266,7.2049,8.3812,10.4665,7.5792,9.5041,7.0178,7.8866,6.9108,8.3545,9.3437,7.0846,ctrl
75,ctrl_sub018_music,sub018,non meditator,music,0.028487,0.029143,0.026065,0.026221,0.027381,8.8437,8.1487,9.5839,9.9459,36.5221,25.1262,23.6502,25.066,26.1576,5.2905,5.4675,5.4282,5.8288,7.0366,8.7626,8.4086,6.9747,6.9393,8.3997,8.7095,7.1075,10.4266,8.5236,8.1696,10.5417,ctrl
76,ctrl_sub019_music,sub019,non meditator,music,0.047189,0.050157,0.053809,0.055873,0.051825,4.7089,4.6182,5.2408,4.7277,19.2956,22.3022,23.1921,28.1617,26.3439,8.399,8.456,8.9568,9.8507,7.5251,8.8226,8.0603,7.6387,8.7577,7.5414,9.3578,8.8874,8.9037,7.4116,7.5089,9.5848,ctrl
77,ctrl_sub020_music,sub020,non meditator,music,0.038012,0.038061,0.041468,0.034828,0.038131,6.3035,7.2012,6.5174,6.203,26.2252,23.9649,27.4113,26.918,21.7058,6.2102,6.1603,6.7683,6.3728,9.0909,7.9035,7.0501,9.4743,9.3259,8.658,7.5943,9.3259,7.9406,6.9511,9.0538,7.6314,ctrl
78,ctrl_sub021_music,sub021,non meditator,music,0.045796,0.04441,0.043635,0.047347,0.045296,5.749,5.3305,5.5791,5.4186,22.0771,26.316,23.6924,24.3831,25.6084,4.4096,4.2214,4.3664,5.0928,7.7263,9.2373,9.0663,8.1967,7.9686,7.9829,9.3799,8.3963,7.4982,8.4676,8.0257,8.0542,ctrl
79,ctrl_sub022_music,sub022,non meditator,music,0.045108,0.042685,0.035243,0.037092,0.040088,6.2324,6.207,5.3801,7.1259,24.9453,27.9645,26.4181,19.0846,26.5328,7.8069,7.5126,6.6287,6.6507,7.966,6.5557,10.4561,8.1311,6.7844,9.9733,6.8987,6.5176,8.1438,9.9606,10.3926,8.22,ctrl
80,ctrl_sub023_music,sub023,non meditator,music,0.051873,0.048589,0.055931,0.050003,0.051728,4.7915,4.6899,5.2317,4.6188,19.332,24.8523,22.8427,29.1799,23.1251,4.5521,4.8059,5.0062,5.1955,7.9571,9.1165,7.6761,7.5356,8.9935,7.7815,9.7488,8.8881,8.3963,7.5004,7.395,9.0111,ctrl
81,ctrl_sub025_music,sub025,non meditator,music,0.043205,0.043663,0.046541,0.042365,0.044013,5.2048,5.5641,6.1904,5.7612,22.7205,22.5054,24.3028,28.743,24.4488,5.2395,5.2161,5.5679,5.4739,7.2099,8.4418,7.2519,7.0139,9.0998,8.3718,7.9378,9.5618,9.7438,7.9518,7.7138,9.7018,ctrl
82,ctrl_sub026_music,sub026,non meditator,music,0.045829,0.042691,0.052616,0.046418,0.047112,5.0062,4.968,5.8379,5.4141,21.2262,22.9693,21.2984,30.5858,25.1464,4.7226,4.4399,5.0206,4.875,7.2588,8.3108,8.0403,6.5675,9.3027,7.5293,9.2426,8.2807,9.9639,7.7698,7.875,9.8587,ctrl
83,ctrl_sub027_music,sub027,non meditator,music,0.040391,0.035704,0.033796,0.033864,0.036187,7.9436,6.9401,6.3515,6.3991,27.6343,31.9106,24.7963,21.5454,21.7478,4.9629,4.9947,5.0761,5.0638,10.8698,8.8711,8.9821,11.1289,7.1684,6.8353,8.5626,7.0697,7.3535,9.0932,7.1684,6.897,ctrl
84,ctrl_sub028_music,sub028,non meditator,music,0.04158,0.038469,0.038338,0.03558,0.038541,6.6046,6.7493,6.422,6.1705,25.9462,27.3625,25.9659,24.6269,22.0447,5.0829,4.6264,4.7188,4.8239,8.9105,8.5775,7.9382,8.9771,8.7773,8.2579,8.1913,8.9638,7.6052,8.2978,8.098,7.4054,ctrl
85,ctrl_sub029_music,sub029,non meditator,music,0.043945,0.040342,0.043935,0.050739,0.045124,5.6864,4.7381,5.3691,6.3674,22.1611,25.0174,19.2104,23.6164,32.1558,3.6546,3.5211,3.8334,4.0689,7.2616,8.0039,10.4405,6.8904,6.2127,8.2621,8.0039,6.1804,10.0371,10.8117,7.8909,10.0048,ctrl
86,ctrl_sub030_music,sub030,non meditator,music,0.051197,0.061097,0.049916,0.053267,0.053925,4.4854,4.6401,4.4274,4.9913,18.5442,23.0076,28.2305,22.1631,26.5987,5.7293,6.4681,5.5468,5.6674,8.1679,7.1404,8.8471,8.0634,7.5235,9.4566,7.628,7.6454,8.6555,8.4639,9.178,9.2302,ctrl
87,ctrl_sub031_music,sub031,non meditator,music,0.053284,0.047079,0.053456,0.05719,0.052889,4.8645,4.3011,5.0448,4.6971,18.9076,25.9131,20.3405,26.9573,26.7891,6.4287,5.9497,6.7397,6.8518,8.1487,9.6659,7.927,7.569,7.4327,7.7395,10.0239,7.4327,9.2056,8.1316,7.177,9.5465,ctrl
88,ctrl_sub032_music,sub032,non meditator,music,0.077572,0.063876,0.06839,0.069016,0.069828,3.7231,3.5379,3.2648,3.7953,14.321,28.8002,22.657,22.3408,26.2019,9.1562,8.1664,7.8439,8.6562,7.9623,8.3352,9.6951,7.9842,7.063,9.6512,8.2913,7.3481,7.1726,9.739,9.3661,7.392,ctrl
89,ctrl_sub201_music,sub201,meditator,music,0.047538,0.051105,0.051161,0.050319,0.050152,4.2516,5.1729,5.2542,5.2608,19.9394,20.2536,26.4171,26.861,26.4684,6.1593,6.4498,6.4947,6.5093,6.9524,7.0669,7.2632,7.4104,9.2753,9.2753,6.7888,9.6843,9.8806,7.0996,9.3244,9.9787,ctrl
90,ctrl_sub204_music,sub204,meditator,music,0.051403,0.065923,0.055482,0.0503,0.055603,4.084,4.2387,4.7567,4.9052,17.9846,21.0523,27.7909,26.3933,24.7634,6.0673,7.5957,6.162,5.9084,6.3456,7.8397,8.5428,6.3104,8.4022,8.8416,7.6639,8.8944,9.8963,8.7186,8.3319,10.2127,ctrl
91,ctrl_sub205_music,sub205,meditator,music,0.064372,0.060709,0.055848,0.060736,0.06043,4.2073,4.0873,4.1442,4.1094,16.5482,27.03,24.8101,23.205,24.9549,7.0784,7.5567,7.5883,8.5987,7.9229,9.2402,8.2856,7.942,8.0756,8.6865,9.0493,8.1138,7.8847,8.4192,8.6483,7.732,ctrl
92,ctrl_sub206_music,sub206,meditator,music,0.044233,0.042915,0.044587,0.050043,0.045676,4.8576,5.3079,5.4171,6.3108,21.8934,21.5162,22.8404,24.1777,31.4657,5.5231,5.4966,5.9368,5.7918,6.4923,6.5553,9.1711,6.6814,8.4463,9.1396,6.5868,7.5953,10.5578,8.8245,10.1166,9.833,ctrl
93,ctrl_sub207_music,sub207,meditator,music,0.040959,0.042924,0.04344,0.041812,0.042344,5.2574,6.4243,6.09,5.8441,23.6158,21.5667,27.5591,26.4249,24.4493,4.1959,4.2207,4.4743,4.3296,7.5042,7.657,7.1012,7.8238,10.0334,9.3663,7.393,10.1028,8.2824,7.0456,9.6026,8.0878,ctrl
94,ctrl_sub208_music,sub208,meditator,music,0.031878,0.032483,0.034318,0.035582,0.033611,7.1789,7.4268,7.1479,7.9984,29.752,22.9549,24.1716,24.5018,28.3716,3.0662,3.0971,3.466,3.3889,8.6513,6.819,8.6397,8.4541,7.5496,8.976,7.2597,7.5148,9.2543,8.4309,8.8136,9.637,ctrl
95,ctrl_sub209_music,sub209,meditator,music,0.05939,0.054971,0.049471,0.050802,0.053937,5.1009,4.737,4.0813,4.6209,18.5401,30.1947,26.0221,20.256,23.5272,5.7405,5.633,5.4145,5.5906,9.8341,8.26,9.411,10.2742,6.8551,8.4292,8.023,6.889,7.0921,9.1909,8.8355,6.9059,ctrl
96,ctrl_sub210_music,sub210,meditator,music,0.046377,0.053711,0.051105,0.045429,0.049284,5.041,5.4201,5.0305,4.7988,20.2904,23.436,29.0186,25.6727,21.8727,3.9449,4.1883,4.6586,4.0568,9.369,8.1523,7.3179,9.2473,8.6737,8.7954,8.1697,9.0909,7.5613,7.4048,8.2739,7.9437,ctrl
97,ctrl_sub211_music,sub211,meditator,music,0.037331,0.039247,0.040779,0.034488,0.038056,6.5074,6.5836,6.9806,6.2057,26.2772,24.3164,25.7997,28.3711,21.5128,3.5793,4.1238,4.0532,3.6421,8.0633,8.825,7.8699,7.882,9.4052,7.7732,9.3206,9.2602,7.9787,7.5556,7.7249,8.3414,ctrl
98,ctrl_sub212_music,sub212,meditator,music,0.035588,0.031106,0.037333,0.035591,0.035083,6.9351,6.4694,8.3558,6.7434,28.5038,24.6619,20.2624,31.0935,23.9821,4.6549,4.5223,4.8011,4.9924,7.0452,10.1119,7.2109,6.9623,8.9791,6.7413,10.2915,9.3659,9.6698,7.059,6.2716,10.2915,ctrl
99,ctrl_sub213_music,sub213,meditator,music,0.053659,0.051203,0.056853,0.044237,0.051856,5.0424,4.4775,5.4073,4.357,19.2842,27.0232,22.9374,30.6421,19.3973,7.4415,7.0367,7.6022,6.884,8.5804,10.5731,7.0158,7.4275,8.8109,6.9499,11.3801,8.004,8.6462,7.3287,6.637,8.6462,ctrl
100,ctrl_sub214_music,sub214,meditator,music,0.040748,0.039493,0.043428,0.036568,0.040151,6.2591,5.9192,6.6711,6.0565,24.9059,25.487,23.3952,28.8674,22.2505,4.6183,4.8273,5.3307,4.6576,7.9762,9.0821,8.073,7.9348,8.7918,7.0224,8.8609,8.6951,9.248,8.3218,7.0639,8.9301,ctrl
101,ctrl_sub215_music,sub215,meditator,music,0.047353,0.052669,0.042372,0.050979,0.04871,4.743,5.5296,4.5,5.7571,20.5297,22.4846,29.0377,19.1799,29.2977,6.5197,7.1542,6.7223,6.7999,8.0612,5.8901,9.2128,8.0989,7.4004,11.4404,5.9845,8.5331,7.4193,9.024,10.3266,8.6086,ctrl
102,ctrl_sub216_music,sub216,meditator,music,0.042183,0.038855,0.040021,0.03996,0.040273,6.2827,5.956,6.324,6.2677,24.8304,26.4456,23.182,25.3172,25.0553,4.9776,4.4788,5.0062,5.2835,7.8863,8.7525,8.6309,7.9015,8.1447,7.9319,8.5397,8.2966,8.6613,8.8892,7.8408,8.5245,ctrl
103,ctrl_sub217_music,sub217,meditator,music,0.050782,0.047289,0.040088,0.043822,0.045729,6.0793,5.2791,5.0661,5.4436,21.8681,30.7434,24.9294,20.4286,23.8986,7.3657,7.9334,6.7819,7.0151,9.2762,8.5968,9.8966,9.3648,7.0753,7.7105,8.5081,7.4003,7.2674,9.9261,7.4594,7.5185,ctrl
104,ctrl_sub218_music,sub218,meditator,music,0.035611,0.035256,0.037356,0.035718,0.036015,6.7875,6.6085,7.3519,7.0181,27.7659,24.185,23.3254,27.4119,25.0778,3.2984,3.3149,3.4987,3.3625,7.6004,8.7449,8.0856,7.3517,8.5334,7.8617,8.521,8.6578,9.342,8.5334,7.5258,9.2424,ctrl
105,ctrl_sub219_music,sub219,meditator,music,0.049764,0.057281,0.058353,0.048269,0.05353,4.5919,5.1314,4.479,4.479,18.6813,22.9133,29.3239,26.0584,21.7045,6.1778,7.3356,8.0244,6.6802,8.7168,7.4404,8.4313,9.0024,9.4726,9.0024,7.0877,10.346,6.5334,8.4817,8.4145,7.0709,ctrl
106,ctrl_sub220_music,sub220,meditator,music,0.049503,0.050175,0.052274,0.051983,0.05099,4.8289,4.9377,4.9377,4.9071,19.6115,23.9316,24.7902,25.7876,25.4905,5.7697,5.9273,6.8105,6.5357,7.7432,8.8916,7.9868,8.039,8.1782,8.996,8.5088,8.5784,8.039,8.0738,8.8916,8.0738,ctrl
107,ctrl_sub221_music,sub221,meditator,music,0.046001,0.042064,0.043961,0.044982,0.044318,5.9926,5.2475,5.6686,5.6557,22.5644,27.5229,22.1244,24.9287,25.424,5.4718,5.3492,5.4248,5.6637,7.9885,9.1379,9.4253,8.5201,7.5431,7.1983,9.0805,7.6006,8.4339,8.9655,7.6724,8.4339,ctrl
108,ctrl_sub222_music,sub222,meditator,music,0.04557,0.041845,0.042729,0.043363,0.043414,5.9101,5.5028,5.5615,6.0599,23.0343,26.876,23.0645,23.7802,26.2793,3.8644,3.6361,3.7242,3.9047,8.0702,8.141,9.4436,8.4525,7.4331,7.9994,7.8154,7.4756,8.8489,9.4011,8.3392,8.5799,ctrl
109,ctrl_sub223_music,sub223,meditator,music,0.035757,0.031584,0.029998,0.033397,0.032711,7.5785,7.2325,7.5752,8.1848,30.571,26.9651,22.8899,22.8427,27.3023,5.0342,4.6085,4.2692,4.7821,7.4018,8.3189,9.0958,7.4881,7.4881,8.675,8.3405,7.391,9.0311,8.9555,8.8584,8.9555,ctrl
110,ctrl_sub224_music,sub224,meditator,music,0.045291,0.041649,0.039909,0.038785,0.041559,6.6111,6.0726,5.6484,5.73,24.0622,29.829,25.2892,22.585,22.2967,4.3588,4.2859,4.1766,4.2674,9.9538,8.6366,8.881,10.0625,7.3601,7.8354,8.7724,7.591,7.1293,8.5959,7.686,7.4959,ctrl
111,ctrl_sub225_music,sub225,meditator,music,0.049202,0.04953,0.048,0.048685,0.048884,5.12,5.4974,4.7193,5.12,20.4568,25.1852,27.2148,22.669,24.931,6.315,6.4949,6.5648,6.5984,9.4055,7.6085,8.0482,9.5775,7.9335,9.329,7.3217,8.0673,7.685,8.182,9.329,7.5129,ctrl
112,ctrl_sub226_music,sub226,meditator,music,0.054674,0.054178,0.046536,0.052485,0.052199,4.9008,5.1362,4.1872,4.9334,19.1576,26.7498,27.7894,19.5733,25.8875,7.322,6.8133,6.6738,7.1006,9.4633,6.3152,9.7857,9.1599,8.3634,9.2547,7.472,7.6806,6.7324,8.9513,9.634,7.1876,ctrl
113,ctrl_sub227_music,sub227,meditator,music,0.035142,0.035098,0.038455,0.037464,0.036623,6.534,6.3678,7.3321,7.0716,27.3055,23.0118,22.4001,28.126,26.4622,2.7125,2.6941,2.954,2.9749,6.7386,9.1409,8.0822,7.0236,8.1433,8.1637,8.6523,8.5708,9.6295,8.2655,8.0619,9.5277,ctrl
114,ctrl_sub228_music,sub228,meditator,music,0.071844,0.068462,0.062686,0.066074,0.067496,3.9452,3.9577,3.2903,3.6224,14.8157,28.2947,27.0846,20.6709,23.9499,8.9579,8.8698,8.5079,9.123,10.3726,7.282,8.9966,9.6952,7.5995,9.42,7.8323,8.3404,6.0119,9.1025,8.0229,7.3243,ctrl
115,ctrl_sub229_music,sub229,meditator,music,0.047764,0.044728,0.042231,0.037584,0.04338,6.3611,5.8503,5.8218,5.0191,23.0523,30.2601,26.1324,24.6154,18.992,7.3043,7.1509,7.2866,6.8602,10.1336,9.4864,7.9857,9.748,8.7429,6.8842,9.7618,8.5777,6.898,8.0821,6.6777,7.0219,ctrl
116,ctrl_sub230_music,sub230,meditator,music,0.0446,0.051447,0.039591,0.045251,0.045451,5.6161,5.9299,5.0678,5.3879,22.0016,25.0682,30.3577,20.1891,24.3851,5.9312,6.7989,5.9632,5.9871,9.8141,7.2777,8.4306,9.3385,9.0935,8.5315,7.5659,7.9118,7.5371,8.618,9.2232,6.658,ctrl
117,ctrl_sub231_music,sub231,meditator,music,0.046657,0.050083,0.047194,0.050644,0.048639,4.896,5.6109,5.3758,4.6768,20.5596,22.8817,28.0689,25.4011,23.6482,6.548,6.7486,6.6198,8.1427,8.4004,8.3385,7.1009,8.6788,10.0248,8.617,8.3849,10.7209,7.0235,6.745,8.1838,7.7816,ctrl
118,ctrl_sub232_music,sub232,meditator,music,0.032588,0.033006,0.03267,0.029699,0.032031,7.8758,7.5284,8.4669,7.3487,31.2198,25.6402,24.8049,27.6295,21.9254,4.0278,4.3996,4.1363,3.9817,8.2575,9.3089,7.642,7.8728,9.0781,7.1932,9.8731,8.4754,8.7319,7.4625,7.3856,8.7191,ctrl
119,ctrl_sub233_music,sub233,meditator,music,0.045937,0.044657,0.050871,0.053059,0.04881,4.9544,4.7044,5.5967,5.2322,20.4877,22.8151,21.0854,28.4256,27.6739,6.2826,6.1728,6.4896,6.9616,7.0312,8.7636,8.3899,6.9973,8.6787,7.286,8.9844,8.4239,9.9015,8.1861,7.4728,9.8845,ctrl
120,ctrl_sub002_restingstate,sub002,non meditator,restingstate,0.057994,0.053624,0.063905,0.058626,0.058639,4.3826,3.8952,4.2598,4.5158,17.0534,25.4253,20.952,27.1483,26.4743,7.1173,6.7795,7.7988,6.7826,6.9767,9.0142,9.7345,7.4913,7.2031,8.1292,8.4585,7.8617,8.6438,9.7345,8.0058,8.7467,ctrl
121,ctrl_sub003_restingstate,sub003,non meditator,restingstate,0.036406,0.037656,0.04038,0.034927,0.037497,6.1118,6.486,7.6632,6.4081,26.6691,22.2842,24.4187,30.8323,22.4648,4.8453,5.1017,5.1554,4.9936,7.2674,9.011,6.652,7.7656,9.348,7.1941,8.5714,10.0513,10.1245,6.6081,7.0037,10.4029,ctrl
122,ctrl_sub004_restingstate,sub004,non meditator,restingstate,0.07212,0.058213,0.060988,0.073071,0.066982,4.0962,2.6236,3.9752,4.2344,14.9294,29.4806,15.3397,24.3129,30.8668,11.0361,9.865,10.4674,11.4211,5.2363,10.0324,12.1872,5.607,5.7229,6.2095,10.5422,6.1168,9.9629,11.2836,6.2326,10.8665,ctrl
123,ctrl_sub005_restingstate,sub005,non meditator,restingstate,0.053572,0.052999,0.056309,0.050017,0.053254,4.7033,4.9636,4.6505,4.4605,18.7779,25.1911,26.3113,26.135,22.3627,5.7349,5.1691,6.5051,5.4578,8.4787,8.5725,8.0098,8.2724,9.0977,9.0415,9.0415,9.0227,6.6967,7.7471,8.9477,7.0718,ctrl
124,ctrl_sub006_restingstate,sub006,non meditator,restingstate,0.041939,0.042427,0.043548,0.04395,0.042997,5.8627,5.2936,5.7696,6.3316,23.2575,24.6151,22.4727,25.1117,27.8005,4.2655,4.3812,4.5042,4.3361,7.4091,8.3641,9.4424,7.3475,6.9008,8.4874,8.4412,7.0856,9.2884,9.4116,8.2717,9.5502,ctrl
125,ctrl_sub007_restingstate,sub007,non meditator,restingstate,0.056299,0.048523,0.053318,0.060907,0.055091,4.8179,4.2009,4.1296,5.0033,18.1517,27.1038,20.4808,22.0438,30.3716,5.3098,5.0372,5.4587,5.8056,8.64,7.1639,10.7262,8.3842,6.6719,8.1283,7.4395,6.5735,8.7384,10.7459,7.9118,8.8762,ctrl
126,ctrl_sub008_restingstate,sub008,non meditator,restingstate,0.063982,0.062954,0.052491,0.060191,0.060174,4.2307,4.6005,3.771,4.0164,16.6185,27.0168,28.921,19.8875,24.1747,10.009,10.2277,8.7102,9.9074,9.6754,7.6155,8.1565,10.0707,8.4686,9.1552,7.2409,8.5726,6.8664,8.1357,9.4465,6.5959,ctrl
127,ctrl_sub009_restingstate,sub009,non meditator,restingstate,0.039102,0.037954,0.033185,0.032878,0.035798,6.9256,7.1759,6.6074,7.226,27.9349,26.9593,27.1537,22.0181,23.869,5.2212,5.0503,4.7784,4.8122,8.836,7.8883,8.0548,8.1701,7.5298,10.0013,8.0804,7.7731,7.7987,8.5414,9.0921,8.2341,ctrl
128,ctrl_sub010_restingstate,sub010,non meditator,restingstate,0.049151,0.048799,0.053578,0.053785,0.051211,5.3111,4.9223,5.3363,3.9573,19.527,26.146,24.0647,28.5434,21.2459,5.038,5.5575,6.1984,6.029,8.9616,11.5669,6.6704,10.1626,8.9246,6.0976,10.1811,9.7007,7.4464,6.8736,6.578,6.8367,ctrl
129,ctrl_sub011_restingstate,sub011,non meditator,restingstate,0.043248,0.043464,0.049553,0.04223,0.044726,5.6357,5.2866,5.9455,5.4906,22.3584,24.4091,23.0066,29.3388,23.2454,4.3164,4.2505,5.0974,4.4408,8.3686,9.2319,7.6462,7.1882,8.1924,8.2452,9.7252,8.1395,8.7209,8.2629,7.1001,9.179,ctrl
130,ctrl_sub012_restingstate,sub012,non meditator,restingstate,0.050643,0.04548,0.045192,0.037171,0.044958,5.5717,6.0299,5.9896,4.6517,22.2429,28.0822,27.4105,27.0623,17.445,4.9344,4.444,4.5274,4.1867,9.3027,9.5671,6.1963,9.3358,10.7072,7.0886,9.3192,9.9636,7.6504,6.3781,7.8486,6.6424,ctrl
131,ctrl_sub013_restingstate,sub013,non meditator,restingstate,0.051625,0.050603,0.047586,0.050804,0.050189,4.7627,5.3758,4.6861,5.0999,19.9246,24.5615,27.1947,22.3462,25.8976,8.5104,8.0606,7.5625,7.7989,8.6436,6.4634,8.8173,8.6051,9.261,9.0874,7.2545,8.6051,7.6597,8.0455,9.782,7.7754,ctrl
132,ctrl_sub014_restingstate,sub014,non meditator,restingstate,0.048712,0.03907,0.035906,0.038863,0.041142,7.0498,6.3531,5.1921,5.7109,24.3059,34.0936,24.8829,18.7689,22.2546,7.5776,6.6655,6.8067,7.2097,11.3901,8.4006,9.1928,10.8221,7.1898,8.1614,8.4454,6.8012,6.1286,9.7459,7.9372,5.7848,ctrl
133,ctrl_sub017_restingstate,sub017,non meditator,restingstate,0.036099,0.037276,0.034238,0.040414,0.037108,6.5451,7.1802,6.2042,7.0188,26.9483,23.6607,26.7591,21.3332,28.247,3.4049,3.319,3.2813,3.7188,8.7408,7.0753,8.4344,8.4211,8.3678,9.8601,7.2085,8.0746,7.7548,8.6476,9.8201,7.5949,ctrl
134,ctrl_sub018_restingstate,sub018,non meditator,restingstate,0.030929,0.02698,0.025639,0.02324,0.026818,10.1769,9.2986,8.4965,9.3167,37.2887,31.1861,25.0775,21.8533,21.883,5.8211,5.3464,5.4036,5.5094,10.8082,7.1178,9.3574,10.594,7.4586,6.8841,6.9133,7.1373,8.7342,9.7955,6.9912,8.2084,ctrl
135,ctrl_sub019_restingstate,sub019,non meditator,restingstate,0.067112,0.055954,0.049345,0.049992,0.055781,4.5963,4.6796,4.3535,4.298,17.9274,30.6668,26.1813,21.5793,21.5726,11.127,8.9203,9.3955,9.944,8.3624,8.8463,8.4398,7.7042,8.6914,9.698,9.4851,8.9818,5.8266,8.4592,8.7495,6.7557,ctrl
136,ctrl_sub020_restingstate,sub020,non meditator,restingstate,0.040399,0.039002,0.038495,0.035463,0.038457,7.0383,6.7488,6.3465,5.869,26.0027,28.3663,26.3034,24.43,20.9003,5.8803,5.8251,6.2722,5.9599,10.1405,8.7788,8.1704,10.2419,8.3007,7.446,9.112,8.2863,6.9535,7.7213,7.5474,7.3012,ctrl
137,ctrl_sub021_restingstate,sub021,non meditator,restingstate,0.052424,0.054618,0.042477,0.06129,0.053171,4.3247,4.4458,4.5011,5.5356,18.8071,22.6833,24.2584,19.2937,33.7646,5.0226,5.3476,5.1751,5.8476,7.4701,6.9733,8.5557,7.4885,5.851,10.2852,6.8261,6.5133,10.598,8.6845,9.6596,11.0948,ctrl
138,ctrl_sub022_restingstate,sub022,non meditator,restingstate,0.046875,0.039591,0.04994,0.044882,0.045562,5.494,5.1519,6.1746,5.1275,21.9481,25.7231,20.5263,30.7226,23.0281,8.5075,8.1033,8.9003,9.3954,8.0815,9.4496,7.4928,8.0974,9.2587,6.1088,9.6405,8.7337,9.7677,7.3019,6.6656,9.4018,ctrl
139,ctrl_sub023_restingstate,sub023,non meditator,restingstate,0.052745,0.051826,0.054536,0.055035,0.053632,4.3922,4.2674,4.8272,5.1587,18.6455,23.1808,22.1442,26.3098,28.3651,5.0051,5.2598,5.5641,5.6336,6.3565,7.9073,9.2667,7.1798,7.735,7.9648,7.2947,8.1179,10.4729,9.0944,8.3285,10.2814,ctrl
140,ctrl_sub025_restingstate,sub025,non meditator,restingstate,0.042536,0.044563,0.047729,0.039343,0.043757,5.3938,5.8967,6.304,5.2592,22.8536,22.9717,26.2568,29.9789,20.7926,5.8402,6.1063,6.0384,5.9762,8.2674,8.7017,6.6387,7.9417,10.0822,7.7555,9.0895,9.8806,8.6242,6.5767,7.6625,8.7793,ctrl
141,ctrl_sub026_restingstate,sub026,non meditator,restingstate,0.051006,0.044562,0.047437,0.040713,0.046063,5.4381,5.2089,5.9679,5.0944,21.7092,27.6254,23.2447,28.276,20.8539,5.7392,5.1786,5.2171,5.1051,7.2998,10.1404,7.597,7.8778,8.654,7.4814,9.7936,9.3146,8.3732,7.3823,7.3823,8.7036,ctrl
142,ctrl_sub027_restingstate,sub027,non meditator,restingstate,0.038012,0.03864,0.039269,0.040778,0.039223,6.1962,5.8608,6.6073,6.8309,25.4952,23.5891,22.6625,25.9446,27.8038,4.7761,5.0523,4.8883,5.1112,7.0235,8.213,9.0767,7.1509,7.9156,7.9014,7.9581,8.128,9.8272,9.1759,7.8448,9.7848,ctrl
143,ctrl_sub028_restingstate,sub028,non meditator,restingstate,0.046588,0.043207,0.038698,0.04595,0.043799,6.0115,5.4711,5.2324,6.1168,22.8318,27.9334,23.653,20.3647,28.0488,5.5978,6.2789,5.1294,6.0767,8.6435,8.1206,9.5663,8.3974,6.4442,9.1049,8.0129,6.7671,8.136,9.92,8.5358,8.3513,ctrl
144,ctrl_sub029_restingstate,sub029,non meditator,restingstate,0.056352,0.046851,0.04344,0.048186,0.049058,5.6225,4.5786,4.6409,5.542,20.384,31.5234,21.491,20.262,26.7236,5.2465,4.944,4.6514,4.7598,8.8013,7.8114,10.9611,8.2433,6.7315,7.5054,7.9554,6.0835,8.6933,11.4291,7.5594,8.2253,ctrl
145,ctrl_sub030_restingstate,sub030,non meditator,restingstate,0.058778,0.069335,0.060119,0.057143,0.061129,4.1253,3.7708,4.1948,4.2678,16.3589,24.2788,26.047,25.2325,24.4417,6.5727,7.7725,5.8486,5.9293,7.4405,8.4396,9.3325,7.9719,7.6743,7.398,8.716,7.568,9.3537,8.5247,8.0357,9.5451,ctrl
146,ctrl_sub031_restingstate,sub031,non meditator,restingstate,0.052731,0.053154,0.047754,0.059838,0.05354,4.7034,4.5124,4.4721,4.9898,18.6776,24.8149,23.9916,21.4489,29.7446,6.1207,6.2305,6.1528,7.1539,7.3921,8.3777,9.4224,8.2397,7.0964,8.8508,7.8257,7.6286,8.4565,9.1465,9.0873,8.4762,ctrl
147,ctrl_sub032_restingstate,sub032,non meditator,restingstate,0.066746,0.078507,0.072491,0.060951,0.069771,3.6981,3.5986,3.6226,3.4134,14.3327,24.7144,28.164,26.2331,20.8886,8.0106,9.1221,7.8356,7.887,8.7623,8.7862,8.2595,8.882,8.6186,7.6131,8.7144,8.6186,7.9243,8.2116,7.7328,7.8765,ctrl
148,ctrl_sub201_restingstate,sub201,meditator,restingstate,0.054213,0.055999,0.047403,0.050244,0.052131,4.8935,5.1769,4.5787,4.5332,19.1823,26.4916,28.9157,21.7843,22.8084,6.5826,7.0438,6.3319,7.0833,9.6133,8.1722,7.7162,9.5768,8.6465,8.7742,8.154,8.5918,7.1324,7.7891,8.7924,7.0412,ctrl
149,ctrl_sub204_restingstate,sub204,meditator,restingstate,0.038987,0.036301,0.03956,0.03783,0.038185,6.2929,6.3218,6.7543,6.8191,26.1881,24.5094,23.008,26.6739,25.8088,4.3287,4.3606,4.5264,4.5488,8.0452,8.3758,7.6044,7.9625,7.5768,8.6238,8.1829,7.7834,9.8085,7.8936,8.3207,9.8223,ctrl
150,ctrl_sub205_restingstate,sub205,meditator,restingstate,0.065484,0.05233,0.052619,0.056539,0.057273,5.065,3.8191,4.1872,4.3889,17.4602,33.0274,20.049,22.0983,24.8254,8.7702,7.6745,8.6918,9.7443,8.7513,10.2132,10.0305,8.731,6.0711,7.1066,10.2741,5.665,8.0203,9.9898,7.4518,7.6954,ctrl
151,ctrl_sub206_restingstate,sub206,meditator,restingstate,0.06553,0.055922,0.067178,0.063756,0.063348,3.9706,3.5591,4.2093,4.0467,15.7857,25.993,19.9839,28.228,25.7951,11.5756,10.0941,12.0003,10.9622,7.8272,8.8358,8.485,6.0952,8.6385,7.7834,9.8882,7.4107,9.3839,9.1866,7.2572,9.2085,ctrl
152,ctrl_sub207_restingstate,sub207,meditator,restingstate,0.045182,0.044226,0.042909,0.045904,0.044592,5.5443,5.5991,5.3507,5.9315,22.4256,25.0362,24.7712,22.9982,27.1944,5.1039,4.9414,4.9534,5.5937,7.9583,7.3386,9.4097,9.1161,7.5179,8.3496,7.7789,7.3712,8.6921,7.8441,9.6217,9.002,ctrl
153,ctrl_sub208_restingstate,sub208,meditator,restingstate,0.034706,0.034463,0.038686,0.040276,0.03708,6.6092,6.3863,7.7145,6.2589,26.9689,23.0182,22.0946,29.7811,25.1062,3.8655,3.8004,4.0509,4.7488,7.6531,9.8639,7.0408,7.3639,9.6599,6.6327,9.8469,9.2177,9.5578,7.2789,6.7347,9.1497,ctrl
154,ctrl_sub209_restingstate,sub209,meditator,restingstate,0.061499,0.055451,0.052416,0.049544,0.054921,4.8201,4.6649,4.432,4.2908,18.2079,29.5321,25.8585,23.2696,21.3398,6.1479,5.6164,5.7627,5.4048,9.81,8.4723,8.1815,9.7712,7.8907,7.9682,9.2478,7.7162,7.3866,7.4641,8.1039,7.9876,ctrl
155,ctrl_sub210_restingstate,sub210,meditator,restingstate,0.039524,0.032943,0.040941,0.039149,0.0383,7.8132,5.934,6.5416,5.821,26.1098,30.8336,19.7062,26.6959,22.7643,5.5149,5.2951,5.821,5.8593,10.069,10.9893,8.851,10.2179,6.8751,5.6435,10.9081,6.3337,7.8089,8.8104,6.3337,7.1593,ctrl
156,ctrl_sub211_restingstate,sub211,meditator,restingstate,0.038919,0.036828,0.042621,0.037748,0.039006,6.827,6.1775,6.1459,6.4864,25.6368,26.5726,22.8164,26.086,24.525,4.8307,4.8847,5.7556,5.0544,9.0258,8.9636,8.6523,9.1503,6.9406,8.061,8.3411,7.0028,8.6835,9.1815,7.9054,8.0921,ctrl
157,ctrl_sub212_restingstate,sub212,meditator,restingstate,0.041809,0.039341,0.037606,0.039798,0.039609,6.0254,6.125,6.4309,6.6656,25.2468,25.1276,24.1044,24.246,26.522,5.4208,4.8049,4.9423,5.0685,7.753,7.6825,8.4015,7.5698,8.1477,8.5424,7.2597,8.7821,9.4446,9.0358,7.7389,9.642,ctrl
158,ctrl_sub213_restingstate,sub213,meditator,restingstate,0.053308,0.058914,0.048919,0.045616,0.051981,4.494,5.4192,4.7902,4.5343,19.2377,23.9348,31.7871,23.4877,20.7904,8.3197,7.3757,7.1335,6.9923,9.8058,7.1973,6.3785,9.1394,9.7296,9.2917,7.4829,9.5202,7.8827,6.7593,8.8347,7.9779,ctrl
159,ctrl_sub214_restingstate,sub214,meditator,restingstate,0.038001,0.042917,0.042126,0.04086,0.04107,5.6896,6.5805,6.2007,5.8777,24.3485,21.7023,28.185,26.0907,24.022,4.5736,5.1026,5.3849,5.4009,8.5923,7.4836,7.2939,8.5485,9.9344,8.5339,7.7899,9.3654,8.3005,7.046,9.0591,8.0525,ctrl
160,ctrl_sub215_restingstate,sub215,meditator,restingstate,0.053235,0.046396,0.059703,0.047715,0.05212,4.8897,4.0784,5.2474,4.9708,19.1864,26.0103,19.0086,31.1817,23.7993,6.9022,6.8172,7.5448,6.7524,6.7823,9.8651,8.8247,6.7437,7.8035,6.7245,9.9807,7.0328,10.3661,8.7476,7.4374,9.6917,ctrl
161,ctrl_sub216_restingstate,sub216,meditator,restingstate,0.045476,0.039896,0.042805,0.050721,0.044685,6.0944,5.3979,5.6439,5.2427,22.3789,27.694,21.6462,24.2042,26.4556,6.0336,5.5618,6.2954,7.4915,9.6862,9.6353,7.888,8.9398,7.9729,7.2265,9.0585,7.7693,8.3461,9.1773,6.6836,7.6166,ctrl
162,ctrl_sub217_restingstate,sub217,meditator,restingstate,0.045545,0.042603,0.037283,0.042897,0.042237,6.1649,5.9483,5.3801,6.1827,23.6759,27.9858,25.3316,20.1792,26.5034,8.1444,7.5022,7.064,8.1214,8.7661,7.4152,9.8619,9.1114,7.4152,8.601,7.4302,7.6253,7.6554,9.4716,8.7361,7.9105,ctrl
163,ctrl_sub218_restingstate,sub218,meditator,restingstate,0.034798,0.032658,0.036933,0.036079,0.035222,7.0462,6.2267,7.01,8.1088,28.3917,24.5354,20.4209,25.8256,29.2181,3.5163,3.5473,4.0667,3.651,6.6616,7.9018,10.2672,6.636,7.0963,8.1959,8.0169,6.5337,10.1266,10.1777,8.6945,9.6919,ctrl
164,ctrl_sub219_restingstate,sub219,meditator,restingstate,0.052396,0.051913,0.059714,0.051612,0.054127,4.6857,4.6092,5.1098,4.0704,18.4751,24.5801,23.964,30.4109,21.0449,7.2809,7.2113,8.1537,7.7202,7.6807,10.8434,6.8148,8.6596,9.0926,7.2101,9.8645,9.7892,8.0008,6.8336,7.4925,7.7184,ctrl
165,ctrl_sub220_restingstate,sub220,meditator,restingstate,0.054925,0.062372,0.056771,0.055406,0.05739,4.1914,4.4111,4.2891,4.5332,17.4247,23.0562,27.4388,24.3583,25.1467,7.3008,7.5214,7.6343,7.7028,8.5102,7.3288,8.2299,7.7693,8.3901,9.131,7.7293,8.2299,8.6704,8.5302,8.5903,8.8907,ctrl
166,ctrl_sub221_restingstate,sub221,meditator,restingstate,0.050548,0.042825,0.04218,0.045142,0.045309,5.8656,5.5361,5.1294,5.5396,22.0707,29.5195,23.7662,21.7038,25.0106,6.3757,5.851,5.9358,6.068,8.7067,8.9291,8.945,9.374,7.1656,8.5478,7.817,7.817,7.5945,9.3899,8.5637,7.1497,ctrl
167,ctrl_sub222_restingstate,sub222,meditator,restingstate,0.0519,0.053271,0.052636,0.041832,0.050002,5.0398,4.4569,5.7079,4.7945,19.9991,26.1196,23.6863,29.9867,20.2074,5.1923,5.9908,5.1039,5.0827,6.8849,10.4252,7.8456,6.8493,8.2903,7.1518,10.5141,9.0909,8.9664,7.8634,6.3156,9.8025,ctrl
168,ctrl_sub223_restingstate,sub223,meditator,restingstate,0.044547,0.047334,0.043601,0.040229,0.044033,5.5899,6.1174,5.5722,5.4306,22.7101,24.8889,28.8686,24.3058,21.9367,4.9113,4.725,4.8864,4.5716,8.83,8.4555,7.3479,9.4852,8.6115,8.83,8.0031,8.7832,7.7223,7.1451,9.3292,7.4571,ctrl
169,ctrl_sub224_restingstate,sub224,meditator,restingstate,0.052511,0.046053,0.044944,0.048022,0.048003,5.4612,4.7888,5.0307,5.5514,20.8321,28.5786,22.0913,22.6715,26.6586,6.1292,5.5971,5.3808,6.3213,7.1005,9.0783,10.087,7.7136,6.8434,8.3861,8.7223,7.1994,8.2278,9.7112,8.6828,8.2476,ctrl
170,ctrl_sub225_restingstate,sub225,meditator,restingstate,0.068269,0.062467,0.06163,0.061964,0.06367,4.1243,4.0349,3.7184,3.8285,15.706,28.0982,25.2194,22.9396,23.7427,10.2511,10.0777,9.9847,10.0046,9.3757,8.1051,8.7623,9.7919,7.7108,8.1928,7.9956,8.2585,7.4261,8.4775,8.0394,7.8642,ctrl
171,ctrl_sub226_restingstate,sub226,meditator,restingstate,0.052198,0.054746,0.0565,0.060157,0.056033,4.4024,4.2113,4.3139,4.9191,17.8467,23.0377,23.0739,24.3668,29.5216,7.556,7.5575,8.2478,7.649,7.5457,7.8634,9.2732,7.8832,7.0095,8.6974,7.5655,7.0095,9.5909,9.1739,9.0548,9.3328,ctrl
172,ctrl_sub227_restingstate,sub227,meditator,restingstate,0.05491,0.072148,0.062443,0.064309,0.064367,3.1519,4.7417,3.5614,4.081,15.536,17.3972,34.0989,22.2589,26.245,5.6842,6.8888,7.1528,6.2429,7.9752,5.9592,6.358,7.6872,9.7918,13.0261,5.8928,10.1462,6.8897,6.6903,12.4058,7.1777,ctrl
173,ctrl_sub228_restingstate,sub228,meditator,restingstate,0.069288,0.064032,0.061625,0.068015,0.065883,3.8797,3.6323,3.5738,4.0927,15.1785,26.8425,23.2779,22.0686,27.811,8.736,8.339,8.0973,8.8649,7.6313,6.9746,10.9601,8.1069,7.1784,8.6504,8.8089,7.3822,7.337,8.6504,8.9221,9.3976,ctrl
174,ctrl_sub229_restingstate,sub229,meditator,restingstate,0.039021,0.042647,0.043381,0.041746,0.041765,5.7385,5.8618,6.6086,5.7349,23.9437,22.4643,24.9748,28.6195,23.9414,6.5049,7.0225,7.213,7.817,7.5655,9.3906,7.0062,7.8452,8.8019,7.8452,9.2876,9.2287,9.0963,6.8296,7.6832,9.4201,ctrl
175,ctrl_sub230_restingstate,sub230,meditator,restingstate,0.050004,0.045912,0.041426,0.045467,0.045824,5.5968,5.4156,4.9521,5.8582,21.8226,27.8882,24.8623,20.6055,26.644,7.5593,6.6686,6.442,6.4311,8.4491,8.0977,9.104,8.6727,6.836,9.2956,7.0755,7.1714,8.4491,9.9026,9.1998,7.7464,ctrl
176,ctrl_sub231_restingstate,sub231,meditator,restingstate,0.048907,0.047605,0.056769,0.0526,0.051617,4.8336,4.4667,5.0665,5.0065,19.3734,23.6886,21.3307,28.6646,26.3162,7.0155,6.8876,7.8548,7.4992,7.7666,8.5141,8.6418,7.0374,8.4959,7.5479,8.6053,7.8396,9.6809,9.2434,7.4749,9.1522,ctrl
177,ctrl_sub232_restingstate,sub232,meditator,restingstate,0.031717,0.03035,0.031426,0.030048,0.030865,7.5438,7.6846,8.3803,8.7907,32.3994,23.8877,23.3466,26.3076,26.4581,5.0298,4.7357,4.9849,4.913,6.777,8.3957,8.1058,6.922,7.8884,8.9152,7.5985,8.1783,10.0991,8.7582,8.7582,9.6038,ctrl
178,ctrl_sub233_restingstate,sub233,meditator,restingstate,0.063551,0.048689,0.058701,0.05732,0.05748,4.9031,3.9439,4.5408,4.0095,17.3974,31.0599,19.3192,26.6364,22.9845,6.3027,5.7803,6.2027,6.3865,8.6094,10.1369,9.4426,8.5102,8.1531,5.9909,10.613,7.8754,7.6175,9.0657,6.1694,7.8159,ctrl
179,ctrl_sub001_video,sub001,non meditator,video,0.049014,0.044414,0.050867,0.044677,0.047449,5.2546,4.8886,5.9635,4.9687,21.0754,25.7215,21.7723,30.2522,22.254,4.8924,4.4982,4.5499,4.7433,6.8899,9.8506,8.0797,6.9175,9.6569,6.6685,10.1826,9.2142,9.0481,7.6923,6.9452,8.8545,ctrl
180,ctrl_sub004_video,sub004,non meditator,video,0.044895,0.045799,0.041492,0.046298,0.044704,5.3379,6.0634,5.2305,5.7376,22.3694,23.9597,27.741,21.7743,26.525,5.914,5.6911,5.6481,5.9731,8.3333,7.5199,8.0179,8.7483,8.4495,9.8772,6.9887,8.6155,7.7689,8.1341,10.1262,7.4203,ctrl
181,ctrl_sub005_video,sub005,non meditator,video,0.036514,0.034736,0.036015,0.03893,0.036558,6.7034,6.9178,6.747,6.9853,27.3535,24.4783,24.095,24.3187,27.1079,3.0337,3.0298,3.0373,3.3315,7.9708,8.0876,8.4526,8.1314,8.4818,8.6569,8.0292,8.2482,8.4088,8.2628,9.1241,8.146,ctrl
182,ctrl_sub006_video,sub006,non meditator,video,0.045468,0.040986,0.041308,0.038852,0.041647,5.8088,6.3278,6.1752,5.6998,24.0116,26.3101,25.9539,25.5179,22.2181,4.3598,4.1462,4.1274,4.132,9.1543,8.5856,6.5493,8.659,8.8057,8.769,7.8151,9.3377,8.4755,7.705,7.8518,8.2921,ctrl
183,ctrl_sub007_video,sub007,non meditator,video,0.043549,0.039526,0.044904,0.038132,0.04167,6.0489,5.509,6.5655,5.8747,23.998,26.2901,21.8288,29.3843,22.4968,3.191,3.0552,3.4198,3.1212,7.5918,9.2926,8.1587,7.5918,8.6271,6.5812,9.5144,8.2573,9.7609,8.1834,7.0742,9.3665,ctrl
184,ctrl_sub008_video,sub008,non meditator,video,0.035261,0.039141,0.033702,0.032144,0.035318,7.0748,8.2647,6.41,6.5649,28.3144,24.9487,32.1791,21.6584,21.2137,4.7271,5.4091,5.0872,4.8538,10.6417,7.1524,7.1257,10.4679,9.0909,9.6791,6.9652,9.2914,6.377,7.5668,9.2647,6.377,ctrl
185,ctrl_sub009_video,sub009,non meditator,video,0.03322,0.031022,0.029655,0.026209,0.030224,9.3749,8.4612,7.654,7.5966,33.0867,30.9693,26.2062,22.7251,20.0995,3.5174,3.7428,3.6554,3.3995,10.7819,8.7774,8.7774,10.7694,7.7067,7.1464,8.6653,7.4452,7.0593,8.877,7.3207,6.6733,ctrl
186,ctrl_sub010_video,sub010,non meditator,video,0.038631,0.034524,0.033256,0.033886,0.035025,6.7004,7.6026,6.5354,7.7126,28.551,25.7535,26.2677,21.7964,26.1823,3.7738,3.1704,3.4057,3.1477,8.0414,6.6083,8.8376,7.9618,8.0812,10.7484,6.9666,8.1608,7.5239,8.4395,10.5096,8.121,ctrl
187,ctrl_sub011_video,sub011,non meditator,video,0.041137,0.037434,0.037319,0.033473,0.037491,7.0106,6.9122,6.7745,5.9759,26.6732,28.7098,25.8773,25.288,20.1249,4.2953,3.664,4.1131,3.8806,9.785,9.3996,7.1164,9.6516,8.9548,7.3388,9.2068,8.1987,7.9318,7.4277,7.8873,7.1016,ctrl
188,ctrl_sub012_video,sub012,non meditator,video,0.030068,0.03106,0.031309,0.028138,0.030158,7.9346,8.5,8.4593,8.2648,33.1587,23.8624,26.3535,26.4248,23.3593,3.1001,3.3041,3.4369,3.2007,8.2199,7.9313,7.7801,8.0137,8.7423,8.8247,8.4124,8.701,8.4124,7.5052,8.6186,8.8385,ctrl
189,ctrl_sub013_video,sub013,non meditator,video,0.036841,0.040163,0.037787,0.033937,0.037322,6.4629,7.6084,6.3776,6.3451,26.7938,23.8256,30.4479,24.0839,21.6426,5.3674,5.636,5.6798,5.3598,9.7237,7.2508,7.1134,9.739,9.4489,9.2963,6.9913,9.4947,7.2813,7.3882,9.1589,7.1134,ctrl
190,ctrl_sub014_video,sub014,non meditator,video,0.033934,0.039451,0.03473,0.031205,0.035047,7.0701,7.7582,7.4755,6.2296,28.5334,24.034,30.422,25.9755,19.5685,5.2807,5.8755,5.4504,5.4896,9.4436,8.7121,6.5961,8.9342,10.5669,7.7194,8.9472,9.7701,7.4713,6.9227,7.9807,6.9357,ctrl
191,ctrl_sub017_video,sub017,non meditator,video,0.038177,0.035644,0.034011,0.034143,0.035479,6.7782,7.4605,6.6884,7.2585,28.1855,25.7797,26.5854,22.8001,24.8347,3.0424,2.8664,2.9899,2.8524,8.2049,7.4663,8.4136,8.237,8.3494,9.8908,7.3218,8.8953,7.5145,8.51,9.3449,7.8516,ctrl
192,ctrl_sub018_video,sub018,non meditator,video,0.028362,0.026856,0.027382,0.025531,0.02698,9.444,8.1791,8.7207,10.7201,37.064,26.6953,21.9731,23.8545,27.4771,5.0453,4.4609,4.58,4.6039,8.71,6.4949,10.2636,8.4494,5.9336,7.7077,6.3646,6.1842,10.9652,10.6545,7.1665,11.1055,ctrl
193,ctrl_sub019_video,sub019,non meditator,video,0.029781,0.029919,0.031781,0.026093,0.029448,8.1881,9.3032,8.4614,8.0059,33.9586,24.3677,27.8059,26.7658,21.0605,5.2074,5.1982,5.6082,5.1524,8.7863,8.2062,7.1214,9.2589,9.1085,9.0118,8.1203,9.3663,7.4544,6.7025,9.2374,7.6262,ctrl
194,ctrl_sub020_video,sub020,non meditator,video,0.033188,0.032757,0.032053,0.029253,0.031818,7.9307,7.8758,7.7896,7.8327,31.4288,26.2558,25.7552,24.9574,23.0315,4.6123,4.6859,4.7832,4.4238,8.5732,7.6345,8.9987,8.7234,8.6233,7.7222,8.1602,8.398,8.2228,8.2979,8.0726,8.5732,ctrl
195,ctrl_sub021_video,sub021,non meditator,video,0.032564,0.032865,0.033637,0.031157,0.03257,7.343,7.8502,7.9246,7.5849,30.7027,23.9119,25.7865,26.6072,23.6944,3.2471,3.0033,3.2125,3.2571,7.8669,8.2196,7.8669,7.6062,9.201,8.7103,8.0816,9.5231,8.1583,8.2656,8.2043,8.2963,ctrl
196,ctrl_sub022_video,sub022,non meditator,video,0.043148,0.035128,0.036779,0.033042,0.037303,7.5771,6.2767,6.5704,6.3835,26.8077,32.4686,22.1181,24.1826,21.2307,3.9195,3.7076,3.7764,3.5854,9.0364,9.6645,9.536,9.7502,7.1235,6.5525,9.1221,7.6802,7.7088,9.3933,6.7095,7.7231,ctrl
197,ctrl_sub023_video,sub023,non meditator,video,0.040799,0.042,0.038011,0.041318,0.040588,6.0099,6.4702,5.8324,6.3255,24.638,24.5137,27.1319,22.2402,26.1142,4.0362,4.3262,4.1395,4.5972,8.7161,7.6646,8.218,8.1627,8.1627,9.7399,7.554,8.3841,7.803,8.6608,9.1312,7.803,ctrl
198,ctrl_sub025_video,sub025,non meditator,video,0.037768,0.034638,0.037797,0.035782,0.036542,6.858,6.2883,7.1362,7.0832,27.3656,25.8577,21.8434,26.9261,25.3728,5.2946,5.1855,5.5067,5.2397,7.4135,8.8668,8.8014,7.1848,7.8054,7.936,8.7524,8.1156,9.1444,9.0954,7.4135,9.4709,ctrl
199,ctrl_sub027_video,sub027,non meditator,video,0.032351,0.031629,0.030363,0.03152,0.031486,8.1207,8.0436,7.5317,8.0646,31.7606,26.2291,25.4339,22.919,25.4181,4.459,4.6045,4.4939,4.6983,8.2158,7.88,9.4918,8.6635,8.3054,8.3725,7.8352,8.3501,7.5442,8.9993,8.7755,7.5666,ctrl
200,ctrl_sub028_video,sub028,non meditator,video,0.031581,0.033852,0.03803,0.031994,0.034057,6.8844,7.5444,8.1849,6.7485,29.3623,21.8361,25.5482,30.947,21.6687,4.1119,4.4482,4.8979,4.4475,7.4057,9.4604,6.6155,8.2186,9.8216,7.6541,8.9411,10.3635,8.625,6.3445,7.8799,8.6701,ctrl
201,ctrl_sub031_video,sub031,non meditator,video,0.038848,0.031312,0.035365,0.03117,0.034399,8.0075,6.8003,7.4901,6.7729,29.0708,30.9116,21.4083,26.4489,21.2312,4.8321,4.3335,4.691,4.4572,9.0909,9.9445,8.549,8.2645,8.2916,6.8419,10.229,7.56,7.9664,9.0232,6.7064,7.5329,ctrl
202,ctrl_sub032_video,sub032,non meditator,video,0.047045,0.049765,0.043657,0.041685,0.04575,5.8446,5.8404,5.243,4.9297,21.8577,27.4643,28.9669,22.9356,20.6332,4.2981,4.6171,4.4335,4.2463,10.4066,8.306,8.0362,10.6379,8.518,7.5352,8.5373,8.4987,6.9378,7.5544,7.8628,7.169,ctrl
203,ctrl_sub201_video,sub201,meditator,video,0.041958,0.036107,0.042837,0.038662,0.040162,7.0953,5.514,6.7184,5.5714,24.8992,29.7105,20.0156,28.6943,21.5796,5.4555,5.04,5.8039,5.5341,8.2959,11.1303,8.7452,8.7452,8.2959,5.2886,10.9575,8.0194,8.1922,8.7107,6.1182,7.5009,ctrl
204,ctrl_sub204_video,sub204,meditator,video,0.03782,0.03922,0.037291,0.034813,0.037358,7.1642,7.3528,5.7267,6.524,26.7677,27.0785,28.7681,21.3572,22.7963,3.4987,3.6078,4.0811,3.5211,10.6116,7.0155,9.1525,10.42,7.8261,9.1968,7.1481,8.224,6.0427,9.2115,8.5335,6.6175,ctrl
205,ctrl_sub205_video,sub205,meditator,video,0.040098,0.034893,0.036883,0.037718,0.037491,6.9846,6.1567,6.3266,7.2051,26.6729,27.9147,21.5633,23.3541,27.1679,4.967,4.7592,5.0113,4.7989,7.6693,8.2937,10.1941,8.1716,6.502,8.4023,7.9272,7.3843,8.4023,10.0719,8.0494,8.9317,ctrl
206,ctrl_sub206_video,sub206,meditator,video,0.045856,0.045463,0.042998,0.044953,0.044866,5.7496,5.7312,5.1364,5.6712,22.2884,26.341,26.0408,22.1265,25.4917,6.3378,5.9509,5.9206,5.9825,8.4959,8.0134,9.2721,9.0623,7.5519,9.1252,7.7827,8.1393,7.1114,8.8525,9.0413,7.5519,ctrl
207,ctrl_sub207_video,sub207,meditator,video,0.035903,0.032103,0.031508,0.029872,0.032346,7.7781,7.6459,7.6419,7.8502,30.9161,27.7647,24.5562,24.1157,23.5634,4.2849,3.7553,3.7725,3.7737,8.3854,8.3203,8.4115,8.2682,8.0729,8.3854,8.3073,7.7734,8.6589,8.5156,8.5156,8.3854,ctrl
208,ctrl_sub208_video,sub208,meditator,video,0.031229,0.030672,0.030092,0.030891,0.030749,8.7759,8.066,7.2722,8.4069,32.521,27.3807,24.7439,21.9129,25.9625,3.247,3.3243,3.3264,3.2726,9.1988,7.8373,10.0192,9.7923,6.9122,8.169,7.3311,7.2962,7.6453,9.7923,8.3086,7.6977,ctrl
209,ctrl_sub209_video,sub209,meditator,video,0.038963,0.040593,0.041083,0.036005,0.039239,6.0892,6.3934,6.9057,6.0969,25.4851,23.7331,25.9107,28.3088,22.0474,3.7599,4.0279,3.9214,3.7618,8.1024,8.8596,6.906,7.6632,9.3139,8.1175,9.0868,9.1625,8.8748,7.1331,7.8146,8.9656,ctrl
210,ctrl_sub210_video,sub210,meditator,video,0.043538,0.054811,0.045169,0.041734,0.046654,5.1527,5.8783,5.6184,4.785,21.4343,22.4995,32.022,25.4123,20.0662,3.8688,4.7117,4.2814,4.1582,9.2042,8.4198,6.3437,8.5582,10.4729,8.4198,8.6505,10.1038,7.5663,6.8051,8.0738,7.3818,ctrl
211,ctrl_sub211_video,sub211,meditator,video,0.033954,0.032357,0.030643,0.029078,0.031582,8.6572,7.8131,7.3207,7.8726,31.6636,29.272,25.245,22.4738,23.0091,3.2172,3.4842,3.2962,3.2467,9.6097,8.17,9.6097,9.4189,7.8404,7.4241,8.4996,6.8864,7.7537,9.523,8.3088,6.9558,ctrl
212,ctrl_sub212_video,sub212,meditator,video,0.037145,0.035277,0.031983,0.035756,0.035192,7.7494,7.1137,6.2012,7.3515,28.4159,28.7038,25.0915,19.9406,26.2642,4.2361,4.1173,4.1631,4.4803,9.6204,7.6533,10.0353,9.0672,7.2384,8.7137,7.5457,7.2384,7.0078,10.6501,8.2219,7.0078,ctrl
213,ctrl_sub213_video,sub213,meditator,video,0.041524,0.038357,0.036983,0.03481,0.03809,7.4619,6.3193,6.2565,6.2158,26.2535,30.8572,24.2306,23.1731,21.739,4.7237,4.9347,4.6949,4.5337,9.3207,9.3207,9.7726,9.5608,7.6543,6.8493,9.3348,7.4848,7.0188,9.5608,7.2589,6.8634,ctrl
214,ctrl_sub215_video,sub215,meditator,video,0.039954,0.037311,0.039424,0.034937,0.03799,7.0336,6.5196,6.5942,6.1756,26.323,28.0328,24.3474,25.9499,21.6699,4.8482,4.7691,5.1386,4.7452,9.3953,8.697,8.6177,9.2842,8.4272,7.0782,9.3953,8.0146,7.6654,8.1733,7.4274,7.8242,ctrl
215,ctrl_sub216_video,sub216,meditator,video,0.029408,0.030853,0.028596,0.029386,0.029591,8.5127,8.8113,7.8114,8.6585,33.7939,25.0439,27.1147,22.3864,25.4549,4.0098,4.1422,4.0414,4.2002,9.07,7.3563,8.7565,8.9655,8.1923,9.0073,7.0428,8.0251,7.9206,9.0909,9.0282,7.5444,ctrl
216,ctrl_sub217_video,sub217,meditator,video,0.027103,0.026503,0.026265,0.027886,0.026903,10.315,8.5776,10.2536,8.0247,37.1709,27.9429,22.7571,26.9766,22.3234,5.1781,5.3497,5.3191,5.4157,8.7582,12.145,6.833,8.6512,7.3797,7.0707,12.1806,7.6768,7.7243,6.9519,6.5597,8.0689,ctrl
217,ctrl_sub219_video,sub219,meditator,video,0.038554,0.036807,0.038045,0.037775,0.037807,6.4892,6.2667,6.8637,6.8304,26.4501,24.9944,23.0975,26.1051,25.803,3.8502,4.1161,4.2684,4.1209,7.6815,8.4117,8.4679,7.4287,8.3415,7.8781,8.3696,8.1309,9.479,8.7347,7.8921,9.1841,ctrl
218,ctrl_sub220_video,sub220,meditator,video,0.036825,0.03617,0.039069,0.043953,0.039259,5.8599,6.0282,6.3208,7.2628,25.4718,21.6482,21.8946,24.7008,31.7564,4.2306,4.1878,4.3351,4.6886,6.6825,7.5376,8.7886,6.7617,7.015,9.8812,7.3159,7.6168,9.8654,8.9311,9.3428,10.2613,ctrl
219,ctrl_sub221_video,sub221,meditator,video,0.031121,0.032454,0.031086,0.032984,0.031954,7.2176,7.6501,7.7736,8.6541,31.2954,22.4975,24.8052,24.2048,28.4925,4.6671,4.7664,5.0243,4.9131,7.149,7.3469,8.522,7.5572,7.8169,9.1033,7.3098,7.4954,10.0186,8.188,9.8207,9.6722,ctrl
220,ctrl_sub222_video,sub222,meditator,video,0.038566,0.036429,0.038629,0.039155,0.03823,6.8355,6.2378,5.9987,7.0854,26.1574,26.3502,22.7792,23.1603,27.7103,3.2007,3.1708,3.4125,3.3342,8.2226,7.3371,10.584,8.4967,6.9365,8.3491,7.9064,7.0841,8.0329,9.7196,8.7076,8.6232,ctrl
221,ctrl_sub223_video,sub223,meditator,video,0.039508,0.037939,0.040145,0.035555,0.038282,6.5599,6.708,6.3889,6.4649,26.1217,25.8766,25.4608,25.5893,23.0733,3.6969,3.5917,3.9823,3.4172,8.8188,7.9282,8.2494,8.629,8.6582,8.4538,7.9282,8.4976,8.0158,8.6144,8.3516,7.8552,ctrl
222,ctrl_sub224_video,sub224,meditator,video,0.039887,0.036605,0.034833,0.03528,0.036693,6.8809,7.2444,6.2203,6.9075,27.2531,27.332,26.5214,21.7267,24.42,3.9444,3.5563,3.6206,3.6194,9.3257,7.3355,8.602,9.5066,8.0263,8.9967,7.5987,7.4507,7.7632,8.1414,9.7862,7.4671,ctrl
223,ctrl_sub225_video,sub225,meditator,video,0.042487,0.045903,0.041378,0.045669,0.043999,5.2911,6.2974,5.2678,5.8717,22.728,22.515,28.8548,21.8575,26.7727,5.7511,5.7134,5.7409,5.8949,8.7791,6.773,7.6818,8.6763,8.4191,10.6653,7.2016,8.5391,7.4417,7.3388,10.4424,8.0418,ctrl
224,ctrl_sub226_video,sub226,meditator,video,0.045443,0.043111,0.047219,0.042175,0.044505,5.6963,5.3188,5.7,5.7544,22.4695,25.8629,22.9617,26.8482,24.3272,6.2159,6.2125,6.3815,6.0661,7.5765,8.5802,9.1792,7.9488,8.1431,7.5927,8.6288,7.9003,8.8231,8.7745,8.2079,8.645,ctrl
225,ctrl_sub227_video,sub227,meditator,video,0.036628,0.036913,0.032181,0.032191,0.034623,7.9027,7.4643,6.4375,7.0778,28.8824,28.8594,27.46,20.8025,22.8781,2.6398,2.824,2.6377,2.66,9.9817,7.8224,9.5946,9.7372,7.9039,8.1483,7.9039,7.6798,6.6409,9.7576,8.2502,6.5798,ctrl
226,ctrl_sub228_video,sub228,meditator,video,0.050895,0.047557,0.051008,0.045057,0.048822,5.4923,4.9991,5.471,4.5201,20.4825,27.9084,23.7992,27.8593,20.4331,5.749,5.627,5.9008,5.5935,9.0531,10.0416,7.7003,9.3652,8.1512,6.9025,10.2671,8.9837,7.4575,7.2147,6.3822,8.4807,ctrl
227,ctrl_sub229_video,sub229,meditator,video,0.033376,0.033688,0.029213,0.027906,0.031296,9.0007,8.5304,7.4656,6.9565,31.9532,29.9279,28.6151,21.9026,19.5545,5.0846,5.3757,5.1337,5.1469,11.0229,9.1309,8.0322,10.9253,8.3862,7.3975,8.8501,8.1299,6.3477,8.3984,7.5684,5.8105,ctrl
228,ctrl_sub230_video,sub230,meditator,video,0.041677,0.038955,0.034695,0.03317,0.037521,7.674,7.1785,6.0096,5.7894,26.6515,31.8213,27.9114,20.9362,19.3311,4.0043,3.9192,3.811,3.8476,12.0026,8.8896,7.8947,11.4249,7.7022,7.7985,8.8736,7.7022,5.9692,8.5526,7.2368,5.9531,ctrl
229,ctrl_sub231_video,sub231,meditator,video,0.042314,0.040802,0.038205,0.036164,0.039489,6.628,6.6032,6.2752,5.8173,25.3237,27.9551,26.9008,24.0134,21.1307,4.6932,4.5615,4.7777,4.562,10.2733,8.4008,7.5911,10.3492,8.2237,7.7682,8.4008,8.7045,7.4646,7.5152,7.1609,8.1478,ctrl
230,ctrl_sub232_video,sub232,meditator,video,0.031255,0.028916,0.029295,0.028895,0.029619,8.8724,8.4003,8.2852,8.2046,33.7625,27.639,24.3274,24.2886,23.745,3.6379,3.6305,3.7136,4.1566,8.7933,9.119,8.3648,8.3476,8.1076,8.3476,8.7761,8.1933,7.6277,9.1018,7.8848,7.3363,ctrl
231,ctrl_sub233_video,sub233,meditator,video,0.035717,0.034289,0.033723,0.030872,0.033635,7.3028,7.657,7.2258,7.5453,29.7308,25.9983,26.2265,24.3639,23.4112,3.2236,3.0628,3.2023,3.0152,8.5748,8.172,7.8212,9.1334,7.7693,8.8216,7.8082,7.7952,8.7567,7.6523,9.3673,8.3279,ctrl
232,psi_sub001_meditation,sub001,non meditator,meditation,0.060738,0.061048,0.082721,0.062277,0.067121,3.4615,3.5135,4.0016,3.9219,14.8985,21.0887,21.5109,32.9208,24.4797,8.352,7.702,8.4108,7.4599,7.9516,8.5794,6.7194,6.8589,7.8819,8.8584,8.9514,7.1844,10.7184,7.4401,8.4631,10.3929,psi
233,psi_sub005_meditation,sub005,non meditator,meditation,0.042546,0.0393,0.043983,0.045581,0.043052,5.6688,5.1206,5.8694,6.569,23.2278,24.131,20.2095,25.7911,29.8684,3.9125,3.6472,4.3291,3.9365,7.285,7.7295,9.3913,6.9372,6.8019,8.3671,8.1159,6.5507,10.5894,9.314,8.1546,10.7633,psi
234,psi_sub006_meditation,sub006,non meditator,meditation,0.035042,0.032902,0.0361,0.038884,0.035972,6.4657,6.2644,6.6952,8.3741,27.7995,22.6891,20.7127,24.1651,32.433,4.4125,4.0905,4.3602,4.3971,6.0003,7.9326,9.3709,6.5378,5.7824,10.199,6.5233,7.0318,10.5041,10.2281,9.5017,10.3879,psi
235,psi_sub007_meditation,sub007,non meditator,meditation,0.057173,0.053351,0.062203,0.052835,0.056663,4.4928,4.0295,4.9094,4.2163,17.6481,25.6792,21.5435,30.4456,22.3317,5.0866,4.9386,5.4801,4.929,7.0583,10.4447,7.9763,7.5275,8.2211,7.0379,10.0775,8.8331,8.8943,7.8539,6.8951,9.1799,psi
236,psi_sub008_meditation,sub008,non meditator,meditation,0.032538,0.033301,0.041236,0.038603,0.036395,6.7531,7.0135,6.6389,7.0706,27.4761,22.1088,23.4688,27.2088,27.2136,5.8038,5.8928,7.1411,7.2243,9.3673,7.0287,8.185,9.3933,7.8212,8.3019,6.8598,8.0681,9.2504,8.3149,8.0811,9.3283,psi
237,psi_sub009_meditation,sub009,non meditator,meditation,0.031733,0.027625,0.03329,0.031332,0.031127,8.0015,7.1692,8.571,8.3848,32.1265,25.3617,19.9568,28.4205,26.261,4.9944,4.5245,5.0899,5.1893,6.9934,9.2222,8.6877,7.3004,7.5961,7.4141,8.9607,7.7098,10.0068,8.6309,7.6075,9.8704,psi
238,psi_sub010_meditation,sub010,non meditator,meditation,0.042159,0.046177,0.045919,0.048263,0.045708,5.1598,5.4984,5.5224,5.6977,21.8782,21.8299,25.3793,25.3533,27.4376,4.5591,4.8002,4.7752,5.0908,7.7894,8.0636,7.7894,7.6796,8.3928,8.9779,7.7162,8.2282,9.2887,8.1185,9.1242,8.8316,psi
239,psi_sub012_meditation,sub012,non meditator,meditation,0.041193,0.032905,0.039025,0.038031,0.037989,6.9047,5.7852,6.7535,6.8802,26.3235,28.3317,19.1835,26.3204,26.1644,4.4344,3.8238,4.5264,4.5229,7.4455,8.9097,9.891,7.4455,7.4766,7.0561,9.0654,7.3676,9.1745,9.7352,7.1495,9.2835,psi
240,psi_sub013_meditation,sub013,non meditator,meditation,0.036593,0.03248,0.031616,0.030616,0.033033,8.7812,7.2028,7.2555,7.0333,30.2729,31.9546,23.4175,22.9977,21.6301,5.0572,5.1368,5.0097,4.905,9.8005,9.9377,9.2768,10.0,6.8329,6.9451,9.5137,7.4813,6.9576,9.5012,6.5337,7.2195,psi
241,psi_sub014_meditation,sub014,non meditator,meditation,0.033619,0.03493,0.030768,0.035061,0.033753,7.3812,7.7231,6.3121,8.2105,29.627,24.8202,26.9263,19.5268,28.7266,4.5635,4.7276,4.5977,4.8707,8.6361,6.5602,9.7139,8.8756,7.0792,10.0998,6.3739,6.9993,7.9175,9.6607,10.4325,7.6514,psi
242,psi_sub015_meditation,sub015,non meditator,meditation,0.036192,0.037225,0.037524,0.038861,0.037502,6.1971,6.8042,6.4044,7.2595,26.6651,22.4697,25.3383,24.0309,28.1611,3.2712,3.2985,3.4612,3.4794,7.842,7.2442,8.1758,7.8977,7.6752,9.9277,6.8548,8.0506,9.1073,8.4956,9.6218,9.1073,psi
243,psi_sub017_meditation,sub017,non meditator,meditation,0.038809,0.035996,0.0434,0.038167,0.039341,6.4102,5.7546,7.3061,5.9476,25.4185,24.8938,20.8074,31.565,22.7338,4.0809,3.8457,4.3173,4.2323,7.8898,10.2281,7.1008,7.0291,8.9514,6.6275,10.7445,8.3919,9.6399,7.4451,6.3692,9.5826,psi
244,psi_sub018_meditation,sub018,non meditator,meditation,0.024374,0.026629,0.026466,0.02392,0.025355,9.1227,8.9526,11.0768,10.2879,39.44,22.3015,23.7565,29.2257,24.7164,4.3242,4.7413,4.9886,5.1677,6.9934,8.6362,7.4982,6.9934,7.9203,7.7919,9.0675,8.2232,10.793,7.076,7.489,11.518,psi
245,psi_sub019_meditation,sub019,non meditator,meditation,0.034159,0.0363,0.040461,0.040316,0.037952,6.3349,6.0314,6.5078,7.4748,26.3489,21.7598,21.9435,26.2495,30.0472,5.291,5.5685,5.8351,5.7465,6.6193,8.3478,9.0848,6.9543,6.6327,9.2858,7.8387,6.8873,9.9826,9.259,9.393,9.7146,psi
246,psi_sub020_meditation,sub020,non meditator,meditation,0.031692,0.0305,0.030103,0.029127,0.030372,8.6912,7.6482,8.4015,8.1842,32.9251,27.4729,23.3211,25.3053,23.9007,4.3679,4.3483,4.4093,4.3944,7.9912,9.5872,8.8057,8.2994,7.2647,7.683,9.1029,8.0793,8.3544,9.0039,7.1547,8.6736,psi
247,psi_sub021_meditation,sub021,non meditator,meditation,0.034148,0.03435,0.035409,0.032847,0.03421,7.2652,7.8406,7.2541,6.8717,29.2316,24.8118,26.9268,25.6382,22.6232,2.8017,2.8564,3.2751,3.1016,9.1985,8.1425,7.4936,9.0967,9.3639,8.3715,8.4606,8.7405,7.6209,7.3028,8.8931,7.3155,psi
248,psi_sub022_meditation,sub022,non meditator,meditation,0.043742,0.031465,0.033354,0.032318,0.035494,7.7412,6.7357,6.5561,7.141,28.1739,33.5205,21.3388,21.942,23.1988,5.4323,4.512,4.8894,4.531,9.0641,8.8615,9.5984,9.0641,6.6139,8.2167,8.7693,6.9823,7.4797,9.6905,7.9219,7.7377,psi
249,psi_sub023_meditation,sub023,non meditator,meditation,0.041928,0.04643,0.042126,0.041922,0.043144,5.8108,6.0167,5.6953,5.6556,23.1784,24.395,27.8478,24.0174,23.7399,3.8733,4.257,4.0705,4.1576,9.298,7.6911,8.0811,8.8924,9.0952,7.9719,8.2059,8.0031,8.3619,8.0031,8.5959,7.8003,psi
250,psi_sub025_meditation,sub025,non meditator,meditation,0.039829,0.039816,0.039989,0.040175,0.039956,6.1601,6.0239,6.2855,6.5578,25.0272,24.5386,23.9885,25.1338,26.3391,4.6742,4.84,5.0125,4.9032,7.6548,8.4002,8.5579,8.3142,7.4828,8.2712,8.0132,7.6978,9.3893,8.2856,8.6869,9.246,psi
251,psi_sub026_meditation,sub026,non meditator,meditation,0.04289,0.031038,0.031376,0.0384,0.036306,7.6003,6.6803,6.0683,7.1948,27.5437,32.3368,20.9179,19.1961,27.5492,6.2582,5.5795,6.1254,5.8721,8.7866,8.2263,10.563,8.8549,6.7915,8.6089,7.6797,7.3791,6.9691,11.0413,8.0896,7.0101,psi
252,psi_sub027_meditation,sub027,non meditator,meditation,0.036791,0.034853,0.031171,0.030603,0.033648,8.6422,7.801,6.8081,6.4679,29.7192,31.6437,27.1363,21.3159,19.904,4.6119,4.8495,5.006,5.0872,11.1805,9.1193,8.6352,12.2892,7.4016,6.574,8.4166,8.0887,6.4647,8.4635,6.9956,6.371,psi
253,psi_sub028_meditation,sub028,non meditator,meditation,0.035027,0.033124,0.032622,0.031285,0.033094,8.0526,8.2117,7.0539,6.8986,30.2168,28.1174,27.1993,23.0302,21.6531,4.4376,4.2073,4.5968,4.4451,10.9681,8.2353,7.4632,10.5637,8.1127,8.4926,8.5049,7.9289,6.8873,7.5613,8.2843,6.9975,psi
254,psi_sub029_meditation,sub029,non meditator,meditation,0.029597,0.028202,0.026343,0.026646,0.0277,8.9597,9.1977,8.8645,9.0787,36.1006,26.4038,25.9082,23.4324,24.2556,3.4599,3.2882,3.1085,3.2324,8.6033,8.0988,8.0058,8.683,7.9129,9.0016,8.3112,8.0988,8.1652,7.8332,8.7095,8.5767,psi
255,psi_sub030_meditation,sub030,non meditator,meditation,0.046295,0.052801,0.050404,0.042809,0.04838,4.9074,5.3346,5.8918,4.5359,20.6696,22.7593,28.0733,29.6494,19.518,4.5265,5.1747,4.7712,4.5381,7.9921,8.9482,6.7472,7.6132,11.1131,7.072,9.2188,11.2214,8.1003,6.9457,6.6029,8.425,psi
256,psi_sub031_meditation,sub031,non meditator,meditation,0.047434,0.043809,0.042852,0.042727,0.044166,5.5069,5.4844,5.8478,5.8028,22.6418,26.0433,24.0349,25.0921,24.8298,6.8857,6.1834,6.1816,6.2605,7.8454,8.0113,8.4425,7.663,8.542,8.0279,8.3264,8.3264,9.1392,8.3762,8.061,9.2387,psi
257,psi_sub032_meditation,sub032,non meditator,meditation,0.052968,0.048524,0.050908,0.056274,0.0523,5.1368,4.42,4.6123,4.9515,19.1205,27.1959,21.5087,23.5039,27.7914,8.1007,7.8313,8.2454,9.3005,8.7116,8.9312,9.224,8.3821,6.6069,8.1259,8.5286,7.0644,8.5469,9.9561,7.3572,8.5652,psi
258,psi_sub201_meditation,sub201,meditator,meditation,0.040221,0.040724,0.040452,0.036604,0.039565,6.2068,6.6262,6.5214,5.9203,25.2747,24.9448,26.9474,26.3526,21.7552,5.2001,5.6635,5.6016,5.3416,8.6503,8.763,7.0724,8.5658,9.242,8.5376,8.9321,9.0166,7.9459,6.8752,8.5094,7.8895,psi
259,psi_sub202_meditation,sub202,meditator,meditation,0.046939,0.049381,0.045213,0.04494,0.046655,5.344,5.5503,5.245,5.2945,21.4338,25.078,27.3461,23.7452,23.8307,4.0998,4.2399,3.8953,3.9272,8.7957,7.6358,8.5057,8.8537,8.8537,8.1384,7.4618,9.0083,8.0804,8.5637,8.1384,7.9644,psi
260,psi_sub203_meditation,sub203,meditator,meditation,0.033018,0.033395,0.03365,0.031525,0.032912,7.0329,8.2145,7.6618,7.475,30.3842,23.2167,27.4096,25.7494,23.6242,4.9386,4.8421,4.8605,4.6165,8.5671,7.3846,7.221,8.1645,9.3471,9.4981,7.7871,9.561,7.8752,7.1959,8.8942,8.5042,psi
261,psi_sub204_meditation,sub204,meditator,meditation,0.036415,0.039248,0.039074,0.046339,0.040323,5.9861,6.6726,5.8449,6.296,24.7995,21.9092,26.2221,22.8727,28.996,4.9932,5.4953,5.2276,6.9234,8.4684,7.2291,8.4525,8.3095,8.8974,9.66,7.6422,8.6114,7.3403,8.1665,9.7871,7.4357,psi
262,psi_sub205_meditation,sub205,meditator,meditation,0.045404,0.05429,0.039965,0.038499,0.045042,5.4148,6.3625,5.0469,5.3776,22.2017,24.5771,34.2915,20.2786,20.8529,5.1485,5.6395,4.8743,4.7941,10.5369,6.5436,7.2987,9.8658,9.3624,9.396,7.0134,8.1879,7.5336,7.5336,9.8658,6.8624,psi
263,psi_sub206_meditation,sub206,meditator,meditation,0.048109,0.051496,0.053811,0.054082,0.051913,4.5709,5.0924,4.8566,4.7432,19.263,22.0546,26.2315,26.0997,25.6141,6.3356,6.9085,6.7203,7.5308,8.4504,7.6648,7.5696,8.1885,9.0931,9.1407,7.9743,9.3311,7.9505,7.6886,8.6646,8.2837,psi
264,psi_sub207_meditation,sub207,meditator,meditation,0.035563,0.034118,0.038379,0.032691,0.035254,7.1699,6.5129,7.5273,7.1555,28.3656,25.4865,22.26,28.7628,23.4906,4.1518,4.1676,4.5757,4.0689,7.3994,9.1824,8.6984,8.2399,8.0616,6.6735,8.9913,7.6923,9.8446,8.0489,7.8833,9.2843,psi
265,psi_sub208_meditation,sub208,meditator,meditation,0.047193,0.047199,0.04075,0.035969,0.043045,5.5073,6.6355,5.8673,5.2216,23.2316,25.8891,31.1965,23.9691,18.9453,4.8313,4.425,4.0717,3.6525,10.0544,7.1406,6.5002,9.4781,10.903,8.1652,7.3807,10.1185,7.797,6.8204,8.4214,7.2206,psi
266,psi_sub209_meditation,sub209,meditator,meditation,0.042416,0.047111,0.046522,0.044912,0.04527,5.1592,5.0706,5.9919,5.8678,22.0895,21.9455,23.8486,27.8434,26.3625,4.6692,5.3794,4.8935,4.7459,6.4035,8.554,8.4096,6.8047,8.1367,8.0083,8.2812,8.6824,10.1589,8.2651,7.8639,10.4317,psi
267,psi_sub210_meditation,sub210,meditator,meditation,0.037233,0.042885,0.042115,0.039697,0.040588,5.4802,6.4846,6.111,6.5621,24.6379,20.4909,27.739,25.6929,26.0771,4.4692,4.8766,4.985,4.7989,7.929,6.6982,7.6285,7.7573,8.8021,9.761,6.6982,8.8307,9.2601,7.7859,9.5463,9.303,psi
268,psi_sub211_meditation,sub211,meditator,meditation,0.044573,0.033804,0.039901,0.034465,0.038411,6.7225,6.4537,7.1805,5.6778,26.0345,29.7592,21.9634,28.5978,19.6795,5.0939,3.8428,4.4727,4.4546,8.1656,10.6299,7.0283,8.1656,9.0697,7.5241,10.4987,9.8425,7.2616,7.1449,6.7658,7.9032,psi
269,psi_sub213_meditation,sub213,meditator,meditation,0.047448,0.045374,0.048281,0.045558,0.046683,5.5033,4.6597,5.3489,5.909,21.4209,26.0949,21.1681,25.7899,26.9472,5.8733,5.6444,6.5274,6.063,6.9342,8.9657,9.8052,7.3707,6.5816,7.8073,8.0927,6.8838,9.9899,10.2418,7.8912,9.4359,psi
270,psi_sub214_meditation,sub214,meditator,meditation,0.037492,0.032238,0.03369,0.034312,0.034523,7.7432,6.7863,7.1347,7.3022,28.9664,28.9049,21.9625,24.0691,25.0636,4.4723,4.3907,4.5189,4.8689,8.685,8.5622,9.4829,8.0405,7.841,7.5341,9.222,7.2273,8.1479,9.4982,7.5341,8.2246,psi
271,psi_sub216_meditation,sub216,meditator,meditation,0.033879,0.036865,0.036726,0.036635,0.036102,6.1899,7.3807,6.6459,7.4826,27.6991,21.0429,27.1793,24.3861,27.3917,4.5351,4.5529,5.2273,5.4638,8.2714,6.5898,7.4892,8.1345,8.5061,10.1095,6.3942,8.0759,9.4251,7.763,10.2855,8.9558,psi
272,psi_sub217_meditation,sub217,meditator,meditation,0.029729,0.027128,0.03207,0.027905,0.029312,8.9913,8.4147,9.1561,7.5539,34.1159,26.7061,22.9445,29.2023,21.147,6.0104,5.9858,6.7901,6.3899,9.1207,10.3699,6.8405,9.5088,8.3081,6.8405,9.3511,9.0358,8.4536,7.4833,6.5494,8.1383,psi
273,psi_sub218_meditation,sub218,meditator,meditation,0.031673,0.035568,0.034403,0.033252,0.033741,7.0656,7.6346,6.9233,8.014,29.6374,22.4608,27.0767,23.7928,26.6698,3.6203,3.8549,4.0129,3.8419,8.6142,6.5597,8.6322,8.3258,8.0014,9.4612,6.8481,7.587,8.9385,8.6682,9.4972,8.8665,psi
274,psi_sub219_meditation,sub219,meditator,meditation,0.042801,0.0468,0.049545,0.055213,0.048494,5.2369,5.5564,4.7299,5.098,20.6212,22.5326,26.0412,23.4144,28.0117,7.0093,7.4128,7.8503,8.1842,9.904,7.0069,8.4891,9.7187,8.0849,9.146,7.0069,8.8428,7.0911,8.6744,8.186,7.8491,psi
275,psi_sub220_meditation,sub220,meditator,meditation,0.048622,0.053763,0.047346,0.048891,0.049779,4.9943,5.3881,4.5726,5.1337,20.0887,24.3058,28.8853,21.6923,25.1166,5.2897,5.2959,5.0775,5.0374,9.4932,7.0288,8.3478,9.6841,7.6883,9.4585,7.5148,7.4627,7.7577,7.6536,9.875,8.0354,psi
276,psi_sub221_meditation,sub221,meditator,meditation,0.043851,0.042259,0.036866,0.036265,0.040047,6.817,6.4959,6.2997,5.358,24.9706,29.77,27.3829,23.3201,19.5271,5.4784,5.2481,5.2286,5.7058,10.233,9.304,7.7462,10.1758,9.0182,6.8315,9.3326,9.0182,6.8887,7.7891,6.76,6.903,psi
277,psi_sub222_meditation,sub222,meditator,meditation,0.04076,0.037953,0.041412,0.038549,0.039704,6.4767,6.2679,6.4587,5.9835,25.1867,26.3664,23.841,26.694,23.0986,3.351,3.2243,3.6694,3.4702,8.6826,9.126,7.8816,8.3679,8.7684,7.7528,9.5838,7.996,8.0818,7.7814,8.2106,7.7671,psi
278,psi_sub223_meditation,sub223,meditator,meditation,0.032466,0.033851,0.031432,0.03114,0.032205,7.0058,7.9137,7.9816,8.1496,31.0507,22.7346,26.7125,25.124,25.4289,4.8003,4.9571,4.6618,4.4208,7.0951,7.8553,7.6135,7.1642,8.8113,9.5024,7.8323,8.7422,9.1223,7.5789,9.6522,9.0302,psi
279,psi_sub224_meditation,sub224,meditator,meditation,0.031427,0.037096,0.035533,0.032135,0.034127,6.3345,7.4616,7.6029,7.9037,29.3026,20.0021,27.5565,26.956,25.4854,3.8561,4.4995,4.5694,4.022,6.4628,7.1809,7.9856,6.6361,9.1247,9.7066,7.3047,9.3475,9.2732,7.6761,9.6694,9.6323,psi
280,psi_sub225_meditation,sub225,meditator,meditation,0.060466,0.063465,0.059679,0.054997,0.059659,4.1844,4.1671,4.2643,4.1462,16.762,25.2908,26.3949,25.4487,22.8656,8.9108,9.6116,9.6686,8.6887,8.1053,8.3126,8.5199,8.4784,8.5821,7.8151,8.4577,8.5614,8.4163,8.0431,8.1675,8.5406,psi
281,psi_sub227_meditation,sub227,meditator,meditation,0.049373,0.047891,0.04581,0.05199,0.048664,5.0008,5.0428,5.598,4.9075,20.5492,24.6767,24.1659,25.7073,25.4501,4.9773,5.0952,4.6504,5.8793,7.1642,9.1389,8.0138,7.279,9.8507,7.4168,9.6211,9.3226,8.3812,7.4856,8.0597,8.2664,psi
282,psi_sub228_meditation,sub228,meditator,meditation,0.071213,0.065567,0.066523,0.060176,0.066127,4.1062,3.5701,4.0065,3.4396,15.1224,29.1801,23.4141,26.6479,20.7579,10.1357,9.994,9.9677,9.6036,8.2273,9.2727,9.6591,8.3409,8.2955,6.9773,11.2955,9.0682,6.1136,7.5227,6.3182,8.9091,psi
283,psi_sub229_meditation,sub229,meditator,meditation,0.032057,0.032971,0.029731,0.029889,0.031187,8.0466,8.2498,7.9646,7.8041,32.0651,25.7525,27.112,23.749,23.3865,4.4141,4.6353,4.441,4.413,8.5085,8.375,8.2193,8.7087,8.5752,8.4529,8.5419,8.6309,7.6632,7.8523,8.5752,7.8968,psi
284,psi_sub230_meditation,sub230,meditator,meditation,0.048613,0.040966,0.040109,0.043753,0.043474,5.7593,5.5106,5.2268,6.5055,23.0021,27.8675,22.6355,21.0413,28.4556,6.2829,5.4738,5.5664,5.073,7.908,7.2833,9.8583,8.0756,6.8566,9.0355,6.7652,6.5519,9.386,10.2087,9.4926,8.5784,psi
285,psi_sub233_meditation,sub233,meditator,meditation,0.059289,0.058034,0.058375,0.04998,0.05671,4.7445,4.6143,4.4489,3.8259,17.6335,28.0882,26.7575,25.945,19.2094,7.0347,6.8973,7.1259,6.5289,10.2897,9.4505,7.1728,9.5504,9.0909,7.5325,9.5504,8.7113,6.993,7.8122,7.1728,6.6733,psi
286,psi_sub001_music,sub001,non meditator,music,0.057494,0.064742,0.074971,0.068007,0.06672,3.3629,3.7848,4.0808,3.7596,14.9881,19.4249,24.5254,30.4959,25.5538,7.087,7.8696,8.2356,7.6582,8.1371,7.0017,7.275,8.4735,9.5879,7.2119,6.8335,9.7771,10.6182,7.1068,7.3381,10.6392,psi
287,psi_sub005_music,sub005,non meditator,music,0.040434,0.037101,0.039805,0.040302,0.039492,7.0281,5.827,5.6248,6.8418,25.3217,28.3856,21.6857,22.3814,27.5473,3.5583,3.6145,4.1719,3.7723,8.433,8.1812,11.1705,9.4714,5.7741,7.7565,7.898,6.1674,8.1498,10.3839,8.37,8.2442,psi
288,psi_sub006_music,sub006,non meditator,music,0.036246,0.038451,0.037924,0.043095,0.039112,6.0114,6.208,6.1571,7.1912,25.5677,21.8725,23.8904,23.3859,30.8512,3.9673,4.1723,4.1458,4.2349,6.9103,7.2691,9.3555,7.8937,7.0831,9.3156,7.0166,7.588,9.4352,8.6113,9.794,9.7276,psi
289,psi_sub007_music,sub007,non meditator,music,0.053301,0.054158,0.049071,0.044187,0.050474,5.3696,5.0794,5.112,4.2513,19.8123,28.5623,27.4377,25.1127,18.8872,4.7406,4.9447,4.7223,4.3992,9.0025,10.1896,7.9308,9.5631,9.3157,6.7436,9.662,9.3817,6.7766,7.9143,7.2383,6.2819,psi
290,psi_sub008_music,sub008,non meditator,music,0.031804,0.032782,0.035362,0.037527,0.034228,7.6003,8.1832,6.4953,6.9373,29.216,24.2733,26.8914,22.928,25.9073,6.7271,7.08,8.1132,8.1916,11.1842,6.9518,7.8728,11.0746,8.125,8.8048,6.8969,8.2675,7.0724,8.0373,8.5526,7.1601,psi
291,psi_sub010_music,sub010,non meditator,music,0.041863,0.041721,0.043185,0.040391,0.041776,6.078,6.1232,5.7526,5.9831,23.9369,25.442,25.5481,24.8055,24.2043,4.6071,4.7566,4.7578,4.9418,9.343,7.5959,8.4314,9.7417,7.406,8.4504,7.6529,8.2985,8.0896,7.9757,7.9567,9.0581,psi
292,psi_sub012_music,sub012,non meditator,music,0.03678,0.036673,0.040422,0.03241,0.036667,7.2879,6.8284,6.8812,6.2753,27.2728,26.8008,25.0415,27.6817,20.4761,4.4433,4.6046,5.2085,4.3848,8.9436,9.3487,8.3884,9.6639,8.0282,7.3679,9.4988,8.5384,7.1729,7.6381,7.578,7.8331,psi
293,psi_sub013_music,sub013,non meditator,music,0.032524,0.033273,0.031533,0.033058,0.032618,7.5415,7.7771,7.3025,8.0369,30.6581,24.5319,25.8473,23.0729,26.5478,4.9102,5.2433,4.9364,5.1352,8.3484,7.6235,8.609,9.0507,7.5782,8.7676,7.1364,7.85,8.8242,8.4391,9.13,8.643,psi
294,psi_sub014_music,sub014,non meditator,music,0.030302,0.03401,0.03508,0.028874,0.032287,6.8172,7.7441,9.0564,7.3543,30.972,20.7367,26.2598,31.6223,21.3811,4.8735,5.2867,5.3801,5.1022,6.9754,9.0105,5.993,6.7088,10.3158,8.0,8.9965,10.5263,9.6982,6.3298,7.5368,9.9088,psi
295,psi_sub015_music,sub015,non meditator,music,0.033902,0.038108,0.035648,0.034619,0.035657,6.331,7.5938,6.9506,7.1695,28.0449,21.5224,28.8398,24.7781,24.8597,3.1547,3.3886,3.4883,3.3303,7.7839,7.1343,7.6396,8.2772,8.9509,9.8532,7.1704,9.5284,8.0847,7.1222,9.7329,8.7223,psi
296,psi_sub017_music,sub017,non meditator,music,0.040257,0.037305,0.040027,0.039971,0.039423,6.6548,6.0696,6.5291,6.1126,25.3661,26.7635,22.7048,26.1154,24.4164,3.7698,3.6577,3.9985,4.2991,8.6031,9.5953,8.0157,8.1332,8.342,7.4543,9.517,7.5979,8.6162,8.6162,7.7285,7.7807,psi
297,psi_sub018_music,sub018,non meditator,music,0.029253,0.024003,0.025291,0.026096,0.026053,8.3099,9.3835,10.2657,10.4246,38.3837,24.1192,22.6607,26.0187,27.2014,4.897,4.5568,4.9356,5.1913,7.2932,6.2875,8.0706,6.9551,9.1946,8.2904,6.9382,9.0087,10.8003,7.758,8.1383,11.2651,psi
298,psi_sub019_music,sub019,non meditator,music,0.043803,0.048511,0.049908,0.04964,0.048034,4.893,5.529,5.0567,5.3401,20.8188,21.5155,26.8114,25.199,26.4741,6.7412,6.9031,7.7246,7.4243,8.1997,7.5492,7.7458,8.6989,8.5174,9.3495,7.413,8.3207,8.5628,7.3828,10.0303,8.23,psi
299,psi_sub020_music,sub020,non meditator,music,0.029294,0.029741,0.028481,0.030656,0.029596,8.0442,8.0179,8.0639,9.6629,33.7889,23.5801,23.8383,23.0241,29.5575,4.7106,4.7969,4.647,4.6668,7.2814,7.0962,9.4161,7.2717,6.989,9.4746,7.3301,6.833,9.7183,9.2212,9.6208,9.7475,psi
300,psi_sub022_music,sub022,non meditator,music,0.032577,0.029556,0.033696,0.039543,0.033955,7.302,7.5186,6.6059,8.0243,29.4508,23.8438,22.4063,22.2687,31.4812,4.8536,5.1473,5.4637,5.8404,9.4914,6.8801,8.4015,9.3551,6.4487,9.6049,6.9709,6.2897,9.2416,8.3787,9.7866,9.1508,psi
301,psi_sub023_music,sub023,non meditator,music,0.044064,0.045178,0.042604,0.04445,0.044095,5.7325,5.5691,5.3599,6.0169,22.6784,25.2604,25.1341,22.87,26.7355,3.8872,4.2553,4.1904,4.3129,7.9377,8.1686,9.1788,8.5727,6.9996,8.9623,7.7067,7.548,8.3706,9.0201,9.0489,8.4861,psi
302,psi_sub025_music,sub025,non meditator,music,0.040054,0.038801,0.04072,0.035743,0.038892,6.5028,6.3515,6.7346,6.123,25.7119,26.0098,24.6473,27.3631,21.9799,4.6482,4.7919,5.115,4.5598,9.01,8.6216,7.6692,8.3709,8.8095,7.5313,9.5614,8.0201,8.609,7.3434,7.6942,8.7594,psi
303,psi_sub026_music,sub026,non meditator,music,0.04078,0.052646,0.038569,0.040989,0.043175,5.9756,5.6311,5.6867,5.8682,23.1616,24.4319,29.4093,22.049,24.1097,4.8039,5.8061,4.7813,5.1632,8.0916,8.9297,8.7363,8.5268,7.5113,8.3817,8.43,7.8175,8.285,8.8652,8.3656,8.0593,psi
304,psi_sub027_music,sub027,non meditator,music,0.038072,0.038569,0.034149,0.035875,0.036757,7.3497,6.8745,6.1945,6.7873,27.206,27.932,26.4503,21.237,24.3807,4.6015,4.8581,4.677,4.8915,10.2107,7.6337,9.1248,9.8541,7.2934,8.201,8.1037,7.0989,7.5365,9.1086,7.9741,7.8606,psi
305,psi_sub028_music,sub028,non meditator,music,0.037182,0.029207,0.029522,0.029479,0.031439,8.3237,7.811,7.7662,7.9072,31.8081,30.6635,22.9178,23.0166,23.4022,4.6704,4.1186,4.2828,4.2588,8.3006,9.1669,8.7035,8.8949,7.3738,8.2804,8.7035,7.8473,7.8674,8.5726,8.4114,7.8775,psi
306,psi_sub029_music,sub029,non meditator,music,0.02964,0.027202,0.030636,0.027748,0.028862,8.7451,8.1162,9.1689,8.6175,34.6476,25.8766,22.1646,27.9845,23.9742,3.5856,3.4337,3.7615,3.6373,7.7179,9.1259,8.4617,7.2662,8.4617,7.6382,9.6041,8.0367,8.7806,8.382,7.6116,8.9134,psi
307,psi_sub030_music,sub030,non meditator,music,0.048397,0.049194,0.045465,0.044044,0.046789,5.2251,5.6156,4.9356,5.596,21.3723,25.2538,27.5696,22.4663,24.7103,5.1998,5.0333,5.2906,4.9402,8.3854,7.2572,8.7971,8.5074,8.2635,9.5136,7.7298,7.5316,7.8518,8.233,10.3674,7.5621,psi
308,psi_sub031_music,sub031,non meditator,music,0.043355,0.042327,0.04294,0.047117,0.043978,5.4322,5.5576,5.8216,5.9272,22.7387,23.5659,23.5634,25.0243,27.8464,6.2846,6.23,6.2481,6.6538,7.4004,8.2582,8.2146,7.633,8.171,8.5926,8.011,8.3454,9.276,8.2001,8.6944,9.2033,psi
309,psi_sub032_music,sub032,non meditator,music,0.062033,0.047822,0.050683,0.053173,0.053901,5.3312,4.1371,4.6567,4.4276,18.5526,32.9155,19.8747,23.6553,23.5545,7.7386,7.1502,7.4658,8.6725,9.1273,10.4337,9.2144,9.0751,7.0545,6.1488,9.528,7.0894,8.5177,10.1376,6.0965,7.5771,psi
310,psi_sub201_music,sub201,meditator,music,0.04273,0.043515,0.040717,0.044574,0.042858,6.2221,5.2818,5.957,5.872,23.3329,26.5906,22.9683,24.3121,26.129,4.6594,4.9486,4.6945,5.2428,8.2772,9.7545,8.7334,7.582,7.3648,7.6472,9.4938,7.1692,8.9072,9.6024,7.191,8.2772,psi
311,psi_sub202_music,sub202,meditator,music,0.037587,0.044622,0.045298,0.038775,0.041873,4.8545,6.3969,6.4928,6.1374,23.8816,18.3415,28.4641,29.31,23.8844,3.8663,4.2256,3.9688,3.7833,7.4743,6.7731,6.057,7.2803,10.0254,9.4734,6.9372,10.0552,10.1745,6.1167,9.2645,10.3685,psi
312,psi_sub203_music,sub203,meditator,music,0.033896,0.030943,0.032165,0.029482,0.031648,8.1774,7.4957,7.9692,7.9558,31.598,27.6086,23.225,25.6085,23.5579,4.502,4.4133,4.7236,4.536,8.5623,8.7327,8.5942,8.147,7.7955,7.7742,9.0202,7.4015,8.7966,8.7114,7.7423,8.722,psi
313,psi_sub204_music,sub204,meditator,music,0.043464,0.043276,0.03945,0.038485,0.041188,6.521,5.6666,6.232,5.8592,24.2788,28.2743,24.4678,24.6355,22.6224,5.4873,6.6115,4.7737,5.6777,8.5425,9.6932,8.6994,7.7057,8.1416,7.3919,10.2336,7.5139,8.0021,8.8563,7.3396,7.8801,psi
314,psi_sub205_music,sub205,meditator,music,0.043495,0.045695,0.032618,0.030997,0.038641,6.7715,7.0348,6.0366,6.0366,25.8795,29.2907,31.9015,19.869,18.9387,5.784,5.7828,5.2311,5.2955,10.9772,7.8003,7.4316,10.9346,8.1974,8.0556,7.4458,7.9705,7.857,7.8003,8.2258,7.3039,psi
315,psi_sub206_music,sub206,meditator,music,0.047974,0.04553,0.043843,0.042455,0.044924,5.2137,6.0025,5.5711,5.4725,22.2597,24.9442,27.3137,24.451,23.291,5.2171,4.7459,4.7726,4.8114,9.1547,7.1047,7.189,8.1999,9.6321,9.1266,7.526,9.0986,8.3404,7.6664,8.5369,8.4246,psi
316,psi_sub207_music,sub207,meditator,music,0.03787,0.039776,0.034461,0.032151,0.036292,7.2587,7.7142,5.954,6.6275,27.5545,27.429,30.5441,20.5753,21.4517,3.87,3.932,3.9019,3.7176,11.1308,6.7706,8.4485,11.119,8.035,8.8385,7.0897,7.7632,6.747,8.1413,9.1102,6.8061,psi
317,psi_sub208_music,sub208,meditator,music,0.045271,0.044472,0.038683,0.037023,0.041463,5.845,6.6039,5.831,5.838,24.1179,26.3583,29.2775,22.6308,21.7334,5.0918,4.3576,3.9349,3.5716,9.9073,7.1408,7.1987,10.1825,8.821,8.3864,6.3731,9.1541,8.6327,7.6912,8.3285,8.1837,psi
318,psi_sub209_music,sub209,meditator,music,0.043914,0.041104,0.042566,0.049394,0.044403,5.3435,5.4808,5.52,6.1769,22.5211,23.4768,22.6062,23.54,30.377,4.4771,4.3373,4.5426,5.106,7.2384,7.8343,8.6773,7.907,7.1802,9.2587,6.9331,8.0523,9.4767,8.8372,9.0843,9.5203,psi
319,psi_sub210_music,sub210,meditator,music,0.040653,0.04807,0.044601,0.041629,0.043909,4.9259,6.0544,5.9668,5.8274,22.7744,20.095,28.9934,26.5947,24.3169,4.1692,4.5931,4.612,4.5209,7.8722,6.931,6.8311,7.9293,9.6406,9.0274,7.1734,9.2841,9.7404,6.5174,9.4267,9.6264,psi
320,psi_sub211_music,sub211,meditator,music,0.037817,0.036061,0.038368,0.03369,0.036534,5.888,7.2059,7.7913,6.487,27.3721,22.2275,26.0027,29.8195,21.9503,5.0425,4.0462,4.457,4.0636,7.1429,8.4712,5.8647,6.9674,11.0025,8.3835,8.3584,10.6516,9.4486,6.1905,8.5088,9.01,psi
321,psi_sub213_music,sub213,meditator,music,0.044059,0.043252,0.048523,0.043002,0.044762,5.2561,5.2024,5.88,6.0019,22.3404,23.1737,22.5346,28.437,25.8547,5.9329,6.1602,7.0218,6.0482,6.5238,8.3763,8.5213,6.4594,8.3119,8.5213,8.1508,8.3602,9.8582,8.8756,8.4407,9.6005,psi
322,psi_sub214_music,sub214,meditator,music,0.032831,0.03432,0.035493,0.032975,0.033971,6.4259,7.9775,7.7502,7.2835,29.4371,21.1373,27.3634,27.4418,24.0575,4.297,4.5376,4.841,4.4831,7.5242,7.5652,6.7322,7.5515,10.5694,8.9581,7.3877,9.8867,9.04,6.8961,9.6545,8.2343,psi
323,psi_sub216_music,sub216,meditator,music,0.044795,0.038469,0.039199,0.036518,0.040002,6.9887,6.5686,6.1259,5.3156,24.9989,31.1468,25.3169,24.0364,19.4998,5.6823,5.3022,5.9763,5.8815,11.0491,9.8131,7.0244,10.0241,8.2605,7.959,10.3859,7.8987,6.3159,7.4465,7.3711,6.4516,psi
324,psi_sub217_music,sub217,meditator,music,0.030436,0.032585,0.026939,0.034785,0.031351,8.256,8.7203,6.9372,7.9829,31.8965,25.1731,28.3508,18.872,27.6041,5.5216,6.0202,5.4131,6.5102,10.6255,7.0426,8.2492,9.8005,7.8798,9.6651,7.1042,7.4735,7.1288,8.951,9.1726,6.9072,psi
325,psi_sub218_music,sub218,meditator,music,0.034807,0.034401,0.034885,0.031669,0.033953,7.7334,7.7253,6.8043,7.1897,29.4528,26.881,26.5568,23.7014,22.8608,3.9749,3.938,4.494,3.975,10.1139,7.5021,8.6274,10.0167,8.0856,8.2245,7.7383,7.766,7.5438,8.4746,8.3356,7.5715,psi
326,psi_sub219_music,sub219,meditator,music,0.050666,0.050743,0.057589,0.047678,0.051734,5.5639,4.8848,4.7221,4.1588,19.3297,28.2121,24.8052,27.0914,19.8913,6.889,6.4913,8.134,7.0224,10.6541,9.9741,8.1444,10.8323,7.7882,6.6548,9.796,7.9177,6.7196,8.1606,6.6872,6.671,psi
327,psi_sub220_music,sub220,meditator,music,0.042016,0.047919,0.048245,0.047176,0.04652,4.6599,5.3324,5.5995,5.9043,21.4961,19.6658,25.5214,26.9747,27.8381,4.5206,4.9131,4.8759,4.9173,6.6228,7.7193,7.3392,6.9444,8.2164,9.6345,7.3977,8.1579,10.4971,7.3392,10.0146,10.117,psi
328,psi_sub221_music,sub221,meditator,music,0.028747,0.032389,0.03263,0.030902,0.031247,7.2693,8.8866,7.8016,8.0458,32.0033,21.0066,28.7219,25.3919,24.8795,5.5635,5.9165,6.4697,6.0097,8.4431,6.9881,7.2749,8.39,9.5157,9.8874,6.9669,9.3777,8.0183,7.3173,9.9618,7.859,psi
329,psi_sub222_music,sub222,meditator,music,0.041223,0.040261,0.03872,0.039791,0.040049,6.5909,6.3442,5.5912,6.4435,24.9697,27.1328,25.5356,21.6843,25.6473,3.5287,3.3142,3.5886,3.5295,8.819,7.7664,9.7946,9.5892,7.0347,8.7933,7.5738,7.5995,7.2144,9.2298,8.9859,7.5995,psi
330,psi_sub223_music,sub223,meditator,music,0.034838,0.038037,0.031475,0.030593,0.03388,7.2504,8.06,7.093,7.1123,29.5157,25.2205,30.4707,22.4201,21.8887,4.4489,4.7527,4.3875,4.1472,9.2988,7.5566,7.7091,9.4512,9.0483,8.7979,7.5457,8.9177,7.5675,7.5784,9.0919,7.4368,psi
331,psi_sub224_music,sub224,meditator,music,0.033368,0.03701,0.031953,0.03214,0.033691,7.8809,7.7321,6.9883,7.0804,29.6818,26.3113,28.4726,22.3981,22.818,3.6035,4.389,4.0008,3.8513,9.5717,7.9804,9.0093,10.0383,7.8368,8.112,8.3393,8.447,6.76,8.1479,8.0163,7.7411,psi
332,psi_sub225_music,sub225,meditator,music,0.061087,0.063246,0.060341,0.067108,0.063027,3.7569,4.2121,3.8224,4.0749,15.8662,22.9722,26.6371,23.0961,27.2946,8.8468,9.6633,9.0326,9.8115,8.2957,7.411,7.9615,8.9444,7.7845,9.829,7.3324,8.8657,7.9025,7.411,9.3768,8.8854,psi
333,psi_sub227_music,sub227,meditator,music,0.033507,0.032769,0.035777,0.034798,0.034236,7.2146,7.1499,7.581,7.2631,29.2086,24.2031,23.4873,27.0579,25.2517,2.9602,3.0054,3.3797,3.3386,7.7508,8.6408,8.3441,8.0846,8.511,7.9362,8.715,8.715,8.4925,7.8991,8.1031,8.8077,psi
334,psi_sub228_music,sub228,meditator,music,0.076507,0.064626,0.067266,0.064411,0.068685,4.1563,3.0024,3.9577,3.4429,14.5593,31.7064,19.438,26.6382,22.2174,11.332,10.6191,10.278,10.6563,7.2235,10.2067,11.1229,7.5218,6.7334,6.3712,13.4882,7.5218,6.1581,7.5431,5.8811,10.228,psi
335,psi_sub229_music,sub229,meditator,music,0.032711,0.02835,0.033506,0.028732,0.03095,8.5857,7.6152,8.4639,7.6456,32.3103,27.9924,21.7091,28.228,22.0705,5.3073,5.1385,5.7946,5.3558,8.4469,9.694,8.4259,8.384,8.3001,6.8644,10.1027,7.7447,8.3735,8.0696,7.3779,8.2163,psi
336,psi_sub230_music,sub230,meditator,music,0.039785,0.045416,0.043548,0.040345,0.042318,5.6376,6.2199,5.6962,6.0768,23.6304,22.4938,28.1616,24.7739,24.5707,4.8948,5.9452,5.5074,4.765,7.7739,7.4018,8.7112,8.2288,8.8904,9.1799,7.1399,9.1247,7.8153,8.5045,9.4418,7.7877,psi
337,psi_sub233_music,sub233,meditator,music,0.05003,0.048759,0.048886,0.061536,0.052552,4.6469,4.2846,4.9597,5.1376,19.0287,23.2911,20.951,24.3127,31.4452,6.6545,6.4745,6.7398,7.717,6.7949,8.4417,9.2044,6.0842,7.6616,8.7537,9.291,7.731,9.0484,9.0137,8.0083,9.9671,psi
338,psi_sub001_restingstate,sub001,non meditator,restingstate,0.063596,0.06474,0.071749,0.05816,0.064543,3.9099,3.9759,3.7882,3.8195,15.4936,24.8766,25.7376,27.0981,22.2877,8.1066,8.403,8.4431,7.948,9.4907,6.5964,9.1541,10.1862,8.3689,7.09,6.7759,9.2663,8.4137,8.2791,6.9105,9.4683,psi
339,psi_sub005_restingstate,sub005,non meditator,restingstate,0.038298,0.042551,0.041892,0.04438,0.04194,5.5639,6.1683,5.2514,6.8601,23.8437,21.4011,26.2296,22.0002,30.3692,3.472,3.5196,4.334,3.8652,7.5031,6.5015,9.3832,7.6612,6.9935,11.1755,6.5191,7.3625,8.1357,9.1548,11.0525,8.5574,psi
340,psi_sub006_restingstate,sub006,non meditator,restingstate,0.04064,0.040235,0.040442,0.033244,0.038793,6.7483,6.7214,6.4099,5.8985,25.7781,27.3642,26.9956,25.8708,19.7693,4.5021,4.3954,4.576,4.2983,9.9357,8.7536,7.5116,10.0254,8.6338,7.3919,8.17,8.7386,7.9605,7.9904,7.4368,7.4517,psi
341,psi_sub007_restingstate,sub007,non meditator,restingstate,0.050669,0.052104,0.052697,0.051294,0.05169,4.847,4.8355,4.8279,4.8355,19.346,24.5778,25.1878,25.4237,24.8108,4.9447,5.0283,5.7948,5.1167,8.5845,8.3664,8.1483,8.3267,8.2871,8.3466,8.2078,8.2871,8.4853,8.5845,8.1086,8.2672,psi
342,psi_sub008_restingstate,sub008,non meditator,restingstate,0.03354,0.033033,0.036536,0.038897,0.0356,6.747,6.6603,7.3794,7.3035,28.0902,22.7036,22.0918,26.9245,28.2801,6.3132,6.3374,7.3618,7.4311,8.7315,8.3065,6.9672,8.5641,7.1732,7.9845,8.4482,6.7997,11.0238,7.0187,8.1777,10.8049,psi
343,psi_sub009_restingstate,sub009,non meditator,restingstate,0.032849,0.028744,0.030306,0.034809,0.03178,8.0109,7.7807,7.1993,8.4752,31.4661,26.2647,22.5048,21.8807,29.3498,5.3135,5.1176,5.3206,5.8449,8.7464,7.4046,9.3304,8.7216,7.0568,8.9452,7.3922,6.7959,8.6843,9.3552,9.1813,8.3861,psi
344,psi_sub010_restingstate,sub010,non meditator,restingstate,0.058134,0.048872,0.050274,0.064563,0.055549,4.9505,4.3183,4.3874,4.346,18.0022,28.7349,21.2047,22.1377,27.9226,6.9948,6.131,6.5372,7.6257,7.7159,9.9808,9.7889,8.0806,7.8887,8.023,10.1536,7.8887,6.334,9.2706,8.3877,6.4875,psi
345,psi_sub012_restingstate,sub012,non meditator,restingstate,0.030965,0.030104,0.03105,0.035105,0.031847,8.2153,7.4599,7.6374,8.0874,31.3999,25.4815,22.534,23.7498,28.2347,4.9793,4.8489,5.1767,5.6119,8.5258,8.3146,9.2913,7.8923,7.6811,8.2223,8.7898,7.2984,8.2091,9.4497,7.9319,8.3938,psi
346,psi_sub013_restingstate,sub013,non meditator,restingstate,0.034326,0.032083,0.035914,0.031184,0.03344,7.1356,7.1471,8.1621,7.46,29.9047,24.4581,22.9848,29.1993,23.3578,4.7811,4.481,4.8116,4.705,7.8803,8.8525,7.1255,7.5093,8.7374,7.65,8.6478,8.5199,10.1318,7.714,7.4837,9.748,psi
347,psi_sub014_restingstate,sub014,non meditator,restingstate,0.034704,0.033319,0.032467,0.031805,0.033113,7.9815,7.5971,7.3182,7.3032,30.2,27.6269,25.3042,23.7867,23.2821,4.8002,4.8809,5.0154,4.9672,8.8853,8.6728,8.8603,8.9228,8.2104,8.0355,8.9603,7.973,7.2982,8.5479,8.2854,7.3482,psi
348,psi_sub015_restingstate,sub015,non meditator,restingstate,0.040556,0.034288,0.041269,0.034652,0.037966,6.914,5.746,7.3384,6.3409,26.3393,27.951,19.8074,30.164,22.0776,3.7351,3.3998,3.753,3.6058,7.6626,10.1985,8.4068,7.4283,8.0761,6.312,10.7773,7.7178,9.3716,8.0485,6.4223,9.5783,psi
349,psi_sub017_restingstate,sub017,non meditator,restingstate,0.038113,0.033749,0.040052,0.035273,0.036995,7.3914,5.7113,7.1701,6.7576,27.0305,28.1281,19.3704,28.6056,23.8959,3.9213,3.8432,4.5027,3.9505,7.9328,10.1139,9.2942,7.0019,7.5577,6.5574,10.753,6.6407,9.1553,9.6138,6.5296,8.8497,psi
350,psi_sub018_restingstate,sub018,non meditator,restingstate,0.028751,0.031066,0.02731,0.024305,0.027852,10.2534,8.162,8.8522,8.636,35.9035,29.4178,25.18,24.2071,21.1951,5.2831,5.6654,5.5407,5.2038,11.1512,8.7907,8.5814,10.7907,6.1163,5.8488,8.8721,6.1512,9.6395,8.8605,5.4186,9.7791,psi
351,psi_sub019_restingstate,sub019,non meditator,restingstate,0.04399,0.045427,0.050832,0.040975,0.045474,5.574,5.5705,5.8164,5.0296,21.9905,24.5549,25.3065,29.4345,20.7041,8.1256,7.3207,8.4629,7.9272,8.3427,9.7011,7.2878,7.7833,9.1737,8.3746,10.0368,9.2057,7.2079,7.5436,7.7833,7.5595,psi
352,psi_sub020_restingstate,sub020,non meditator,restingstate,0.029497,0.028009,0.029359,0.029821,0.029215,8.4586,7.6942,8.7959,9.2804,34.2291,24.9348,21.6103,25.8162,27.6387,4.5317,4.3542,4.6251,4.5511,6.817,8.7572,9.1453,7.1106,6.9743,8.3901,8.516,7.6141,9.5648,9.0928,8.044,9.9738,psi
353,psi_sub022_restingstate,sub022,non meditator,restingstate,0.034048,0.034062,0.039227,0.031348,0.034845,6.2038,7.6355,7.982,6.8772,28.6984,21.1499,26.0402,31.1209,21.689,4.7268,4.9106,5.6319,5.1089,7.0334,7.9155,6.4763,7.9619,10.1671,8.403,7.7994,10.9099,9.169,6.0353,8.4494,9.6797,psi
354,psi_sub023_restingstate,sub023,non meditator,restingstate,0.040429,0.048366,0.044183,0.040565,0.043611,5.2554,6.305,5.9053,5.4645,22.9302,21.3204,30.3631,26.0768,22.2397,3.643,4.117,4.1261,3.8347,9.18,7.3669,6.3868,8.494,10.1764,8.8043,7.6446,9.4414,8.641,6.7788,8.9023,8.1836,psi
355,psi_sub025_restingstate,sub025,non meditator,restingstate,0.037564,0.036864,0.032695,0.035847,0.035843,7.1993,7.2499,6.2944,7.1558,27.8994,26.9776,26.6869,20.684,25.6515,4.5959,4.7157,4.5859,4.9541,9.6908,7.5344,8.6126,9.1582,7.4955,9.3141,7.5474,7.3136,7.6903,9.1063,9.0153,7.5214,psi
356,psi_sub026_restingstate,sub026,non meditator,restingstate,0.029904,0.030976,0.032566,0.035239,0.032179,7.2675,7.9025,8.4639,7.4418,31.0758,21.8297,24.5345,27.5448,26.091,5.487,6.0835,6.2512,6.7824,7.6539,8.7651,6.9422,7.6539,9.4144,8.3656,8.6278,9.9638,8.6528,7.117,7.8037,9.0398,psi
357,psi_sub027_restingstate,sub027,non meditator,restingstate,0.033071,0.035354,0.035059,0.031499,0.033805,6.785,7.9949,7.5075,7.2938,29.5813,22.4667,28.1961,26.2683,23.0689,5.0645,5.2428,5.2104,5.1111,8.4899,7.3977,7.0628,8.4462,9.2762,9.2617,8.0239,9.0724,8.286,6.4511,9.4801,8.752,psi
358,psi_sub028_restingstate,sub028,non meditator,restingstate,0.033729,0.032057,0.034435,0.030162,0.032712,7.2926,7.7552,8.7153,6.8067,30.5697,24.5545,24.8901,29.925,20.6304,4.297,3.8896,3.9124,3.9494,8.6391,9.1233,6.0907,8.3588,9.9898,7.0209,9.1106,10.2701,9.1488,6.4093,6.4348,9.4037,psi
359,psi_sub029_restingstate,sub029,non meditator,restingstate,0.028546,0.033335,0.025706,0.024391,0.028406,8.9458,10.4478,8.1617,7.6481,35.2035,25.5283,34.4893,21.1257,18.8568,3.109,3.3329,3.2201,3.1872,11.0267,7.0717,7.4355,11.2957,9.9193,8.4164,6.5654,10.6787,5.901,7.5463,8.0367,6.1066,psi
360,psi_sub030_restingstate,sub030,non meditator,restingstate,0.052478,0.045626,0.040412,0.044626,0.045875,5.5923,5.0393,5.1521,6.0144,21.7981,29.193,22.9975,20.9384,26.871,5.4801,5.0902,4.7369,4.8428,7.7952,7.5945,10.2877,7.9123,6.7581,8.4644,7.9123,6.8585,8.8658,9.8361,8.4309,9.284,psi
361,psi_sub031_restingstate,sub031,non meditator,restingstate,0.038096,0.042573,0.041839,0.042384,0.04137,5.1782,6.4845,6.4916,6.018,24.1723,19.805,27.5705,27.1461,25.4784,5.6955,6.0523,5.9812,6.2929,7.5048,7.49,6.4497,7.2819,10.1501,9.407,7.5346,10.2393,9.0504,6.5983,9.1098,9.1841,psi
362,psi_sub032_restingstate,sub032,non meditator,restingstate,0.050588,0.05552,0.067005,0.053373,0.057022,4.0324,4.3268,4.8367,4.3412,17.5371,20.4868,24.0446,32.2447,23.2239,8.0224,8.0259,9.3155,8.3006,7.2835,8.3504,7.3041,7.0784,9.9302,7.6323,8.3299,9.4789,9.8071,7.5913,7.9196,9.2942,psi
363,psi_sub202_restingstate,sub202,meditator,restingstate,0.044553,0.044417,0.041661,0.036722,0.041878,6.4927,5.6308,5.8624,5.8928,23.8788,28.848,24.9451,24.4291,21.7779,4.1161,4.1436,3.8987,3.7648,9.1619,9.0982,8.9547,8.8113,6.9152,7.8553,9.7036,6.979,7.8553,8.6839,7.4729,8.5086,psi
364,psi_sub203_restingstate,sub203,meditator,restingstate,0.033287,0.030598,0.032559,0.032436,0.03227,8.2514,7.1537,8.0289,7.5542,30.9883,27.4177,21.9589,26.1278,24.4956,4.7176,4.5963,4.8388,4.8152,7.7071,10.1402,8.7858,7.6711,7.5512,7.8869,10.8714,7.2995,7.731,8.1266,8.0666,8.1625,psi
365,psi_sub204_restingstate,sub204,meditator,restingstate,0.040188,0.039242,0.035912,0.046625,0.04079,5.7126,6.614,5.3614,6.8275,24.5156,22.9735,26.0029,19.376,31.6475,5.567,5.5761,6.5295,6.7041,9.5266,6.0642,7.5509,9.2723,6.9444,10.8177,5.4969,6.7293,9.6831,8.4116,10.6612,8.8419,psi
366,psi_sub205_restingstate,sub205,meditator,restingstate,0.035878,0.046417,0.034065,0.030134,0.036996,6.4944,7.4768,6.7246,6.3341,27.0299,23.3382,34.3436,23.0083,19.3099,6.235,6.793,6.1674,5.6699,9.0854,8.1997,6.7339,8.9021,9.1312,9.6045,8.5967,9.1922,7.1156,6.5506,9.3907,7.4973,psi
367,psi_sub206_restingstate,sub206,meditator,restingstate,0.054041,0.052614,0.056002,0.055236,0.054463,4.7608,4.5225,4.3705,4.7074,18.3612,25.735,23.8244,24.452,25.9886,7.2004,6.7391,8.3217,7.7567,9.2426,7.2813,9.3778,8.3859,8.5888,7.6646,7.4617,7.642,8.6339,10.009,7.7547,7.9576,psi
368,psi_sub207_restingstate,sub207,meditator,restingstate,0.031465,0.029205,0.028835,0.025525,0.028859,8.9964,8.9035,8.8589,7.8927,34.6515,28.1549,25.9822,25.5458,20.3171,4.9162,4.8505,4.839,4.6398,9.4461,8.8021,7.7286,9.328,9.167,7.1812,8.9845,8.7377,7.8574,7.6535,7.514,7.5998,psi
369,psi_sub208_restingstate,sub208,meditator,restingstate,0.038537,0.046473,0.045649,0.040835,0.043103,5.1968,6.1721,6.1798,5.6517,23.2004,20.132,28.5917,28.1408,23.1354,4.0838,4.4644,5.3945,4.5216,7.7064,7.4729,7.256,7.9066,10.1251,8.6072,7.3728,10.7923,8.4904,7.1226,8.0567,9.0909,psi
370,psi_sub209_restingstate,sub209,meditator,restingstate,0.040482,0.04146,0.045096,0.046601,0.043555,5.4321,5.482,5.6605,6.385,22.9596,22.0635,22.7787,25.4881,29.6696,4.4469,4.3414,4.9573,4.8473,7.2151,7.0907,9.3609,7.5105,7.1995,9.1588,7.4327,7.9459,9.2832,8.7234,8.7234,10.3561,psi
371,psi_sub210_restingstate,sub210,meditator,restingstate,0.041124,0.037903,0.040264,0.043028,0.040724,6.7069,5.4196,5.7995,6.6295,24.5555,27.5689,20.6135,23.3637,28.4539,4.5483,4.5265,4.8944,4.8154,8.5686,8.5112,10.2164,8.4109,6.233,7.4223,8.282,5.9751,9.371,10.6032,7.5226,8.8838,psi
372,psi_sub211_restingstate,sub211,meditator,restingstate,0.039096,0.034893,0.03924,0.033536,0.036871,6.7417,5.5938,7.9558,6.83,27.1214,26.2804,19.5757,31.1216,23.0223,4.7778,4.2843,3.9858,3.9984,6.9326,10.1046,7.8973,5.7881,8.8129,6.0334,10.4317,7.5867,11.2492,8.6004,6.1151,10.448,psi
373,psi_sub213_restingstate,sub213,meditator,restingstate,0.042838,0.046913,0.0385,0.03898,0.042115,5.8331,6.8596,5.17,5.8818,23.7446,24.9685,32.0315,19.9893,23.0107,5.7165,6.1491,5.8395,5.7424,10.6279,6.421,7.5281,9.7897,8.3821,10.7386,7.3225,7.8286,6.5633,7.4174,10.4381,6.9429,psi
374,psi_sub214_restingstate,sub214,meditator,restingstate,0.037737,0.032601,0.036362,0.032415,0.034941,8.061,6.8401,7.1238,6.595,28.6199,30.2976,22.3859,25.8489,21.4677,4.7273,4.5825,5.3455,4.667,9.2682,10.0847,8.7844,9.4043,7.726,6.7886,9.7369,7.6353,7.4992,9.0414,6.9701,7.0608,psi
375,psi_sub216_restingstate,sub216,meditator,restingstate,0.034132,0.035095,0.033492,0.032901,0.033931,7.6229,7.7885,6.5866,7.4734,29.4715,26.0099,27.2832,22.0762,24.6307,4.5103,4.7293,4.8399,4.8844,9.6474,7.8385,8.3501,10.232,7.1259,9.1723,6.8518,7.674,7.8385,8.7886,9.0627,7.4182,psi
376,psi_sub217_restingstate,sub217,meditator,restingstate,0.030717,0.028614,0.030474,0.030059,0.029996,8.7841,8.0282,8.9561,7.5694,33.3379,26.9424,23.0414,27.266,22.7502,6.081,5.66,6.021,6.5492,8.0949,10.419,7.8577,8.4269,8.6957,7.0198,9.6285,9.4387,7.6996,8.3478,6.5771,7.7945,psi
377,psi_sub218_restingstate,sub218,meditator,restingstate,0.033586,0.035043,0.03309,0.038118,0.035047,6.4817,7.9567,6.7196,7.3752,28.5332,21.8203,27.8831,22.3065,27.9901,3.7159,3.8364,3.7652,4.2514,8.77,6.9108,7.1174,7.7371,9.2207,10.892,6.3662,9.2582,7.8873,8.6385,9.7465,7.4554,psi
378,psi_sub219_restingstate,sub219,meditator,restingstate,0.04264,0.04981,0.047382,0.056106,0.049077,4.9444,5.9639,4.4817,4.9862,20.3762,21.2079,29.6891,21.2647,27.8383,7.1941,7.8026,7.7898,8.8053,10.6252,6.5938,7.055,9.8394,8.9853,10.4544,6.7988,8.2166,6.9696,7.6358,10.4202,6.4059,psi
379,psi_sub220_restingstate,sub220,meditator,restingstate,0.04717,0.04537,0.048927,0.048107,0.047449,4.8655,4.9535,5.179,6.0774,21.0754,22.9559,22.5157,25.3081,29.2202,4.8783,4.8062,5.4113,5.0292,6.8919,6.8418,9.3677,6.9923,7.0759,9.4346,6.9087,7.6112,10.0368,9.1837,8.9997,10.6557,psi
380,psi_sub221_restingstate,sub221,meditator,restingstate,0.040572,0.035641,0.0381,0.037736,0.038073,6.9002,6.267,6.6382,6.4599,26.2652,27.9093,22.4122,25.2904,24.388,5.6005,5.1788,5.4503,5.7406,8.3923,8.9333,8.961,8.3507,8.1149,7.3935,9.2662,7.7819,8.2258,8.6697,7.6848,8.2258,psi
381,psi_sub222_restingstate,sub222,meditator,restingstate,0.036592,0.038075,0.035345,0.038811,0.037255,6.2299,7.333,6.5096,6.7698,26.8424,22.8178,27.8899,23.0714,26.2208,3.5596,3.5203,3.5602,3.8793,8.308,7.438,7.4525,8.4095,9.1199,9.7869,7.09,9.1924,7.989,7.7135,9.8014,7.699,psi
382,psi_sub223_restingstate,sub223,meditator,restingstate,0.038464,0.037022,0.033986,0.030553,0.03514,7.5184,7.2586,7.0241,6.6561,28.4572,28.7844,26.7992,23.9156,20.5008,4.5809,4.5212,4.5458,4.2084,9.8845,8.5268,8.0193,9.745,7.9939,7.7782,8.7172,8.3873,7.5752,7.9685,7.258,8.1462,psi
383,psi_sub224_restingstate,sub224,meditator,restingstate,0.031185,0.034567,0.039561,0.032039,0.03441,6.5739,7.8019,7.2845,7.4011,29.0613,20.6171,26.9622,28.6118,23.8089,4.6619,4.7418,5.7767,4.7698,8.0341,6.9797,7.6199,7.9337,9.2267,9.7163,7.3688,9.5782,8.1095,7.3186,9.2518,8.8627,psi
384,psi_sub225_restingstate,sub225,meditator,restingstate,0.060441,0.053953,0.066145,0.060937,0.060434,4.6421,3.837,3.9904,4.0775,16.5469,28.0571,20.7814,26.3212,24.8403,8.516,8.2511,9.7109,8.5947,8.9798,9.2116,9.8229,8.8744,7.2934,7.0194,9.6543,6.661,7.8204,9.5067,7.5675,7.5885,psi
385,psi_sub227_restingstate,sub227,meditator,restingstate,0.046461,0.042388,0.038334,0.034898,0.040537,5.8976,6.3554,6.7822,5.6338,24.669,27.2363,26.8843,26.0693,19.8101,4.4511,3.9421,3.6054,3.68,8.2458,8.4368,7.227,8.0866,10.2515,7.4499,9.1691,10.1242,8.3095,6.6858,7.5454,8.4686,psi
386,psi_sub228_restingstate,sub228,meditator,restingstate,0.060519,0.068832,0.059325,0.053871,0.061326,4.1574,4.821,3.9958,3.3322,16.3064,25.1704,33.0695,23.7306,18.0295,9.4046,9.6045,9.1519,9.0537,10.8499,7.9379,6.7299,10.7204,10.0733,8.736,8.3261,11.195,4.9612,6.4495,7.5712,6.4495,psi
387,psi_sub229_restingstate,sub229,meditator,restingstate,0.031569,0.030618,0.030816,0.028809,0.030439,8.0729,8.6599,7.772,8.3478,32.8526,25.4293,26.5051,23.9324,24.1332,5.4642,5.5514,6.0011,5.5846,8.6587,7.674,8.2286,8.8059,7.8438,9.7114,7.8438,8.3758,7.4477,7.923,9.3379,8.1494,psi
388,psi_sub230_restingstate,sub230,meditator,restingstate,0.045484,0.044277,0.037762,0.044274,0.043263,6.0787,6.0085,4.7205,6.3068,23.1144,27.5885,26.5768,17.9402,27.8945,6.3281,6.0319,5.6016,5.2921,9.8587,6.6535,9.7676,9.9195,6.2889,9.798,6.3497,6.3497,7.7168,10.0258,9.7828,7.489,psi
389,psi_sub233_restingstate,sub233,meditator,restingstate,0.06011,0.059333,0.051327,0.049433,0.05522,4.575,4.8397,4.2467,4.4479,18.1093,27.4218,28.6462,21.8546,22.0774,7.2811,6.6695,6.5643,6.615,9.3091,7.904,8.0406,9.4262,8.3528,8.9578,7.8454,8.0211,7.5722,8.0016,9.3872,7.1819,psi
390,psi_sub001_video,sub001,non meditator,video,0.049204,0.048603,0.051097,0.053322,0.050635,4.4703,5.1636,4.6252,5.4899,19.7491,22.0199,25.1369,23.6255,29.2176,6.2277,5.5501,6.2623,5.1594,7.8801,7.2377,7.4518,8.0942,6.8094,11.2634,6.8951,7.2805,9.2077,7.409,11.1777,9.2934,psi
391,psi_sub005_video,sub005,non meditator,video,0.032253,0.031951,0.037083,0.036421,0.034564,6.9943,6.5937,7.3816,7.9626,28.9322,22.647,21.1616,27.2714,28.92,2.894,3.0371,3.3651,3.2632,6.635,7.723,9.8069,6.7116,7.9528,8.0907,7.9835,7.7996,9.669,9.5158,8.3206,9.7916,psi
392,psi_sub006_video,sub006,non meditator,video,0.040129,0.037282,0.038767,0.036324,0.038179,6.7819,6.1213,6.9277,6.3615,26.1923,27.1491,22.8489,26.8361,23.166,4.4842,4.1218,4.3446,4.2372,7.9776,10.0214,7.8787,8.3237,7.8952,7.1535,9.3292,7.8292,9.2303,8.2578,7.5655,8.538,psi
393,psi_sub007_video,sub007,non meditator,video,0.044153,0.037918,0.038358,0.039957,0.040264,6.805,5.6781,5.846,6.507,24.8361,29.9208,21.5931,22.4767,26.0094,3.3715,3.1803,3.2992,3.4522,8.5803,8.912,9.9735,8.536,6.5015,7.6736,8.6908,6.2804,8.5139,10.2609,8.0938,7.9832,psi
394,psi_sub010_video,sub010,non meditator,video,0.029538,0.030804,0.029706,0.029033,0.029789,7.2313,9.3203,7.7917,9.2256,33.5689,21.3712,28.6503,23.1501,26.8285,4.8074,4.7684,5.0708,4.7622,8.0621,6.0113,7.4761,8.2791,8.3442,11.1328,5.9462,8.3876,8.8867,7.2917,11.3281,8.8542,psi
395,psi_sub012_video,sub012,non meditator,video,0.028722,0.028356,0.028436,0.029489,0.028751,8.9454,8.6297,8.5771,8.6297,34.7818,25.6943,24.4922,24.407,25.4065,3.3114,3.3007,3.4927,3.7615,8.4729,8.7773,8.4094,8.5616,7.5596,8.6504,8.5236,8.4729,7.7499,8.5997,7.8767,8.346,psi
396,psi_sub013_video,sub013,non meditator,video,0.033177,0.031408,0.031074,0.028424,0.031039,7.7156,8.5253,8.3533,7.6233,32.2176,25.498,26.7577,25.9552,21.789,5.3913,5.0956,5.2362,5.1067,8.601,8.4175,6.8966,8.719,9.3484,8.3519,8.1946,9.4139,8.3257,7.0539,8.483,8.1946,psi
397,psi_sub015_video,sub015,non meditator,video,0.039876,0.034329,0.035368,0.035929,0.036528,7.7355,6.5625,6.4902,6.5883,27.3764,30.7113,22.6034,22.9933,23.6919,3.3584,3.1997,3.2119,3.4087,9.678,9.1223,9.4481,9.0264,7.57,7.2825,9.5056,6.8609,7.34,9.793,7.4358,6.9375,psi
398,psi_sub018_video,sub018,non meditator,video,0.026427,0.026029,0.027975,0.022856,0.02568,10.1712,9.9898,8.1984,10.5807,38.9401,26.8249,25.9771,22.7991,24.3989,4.9918,4.7585,4.8454,4.6795,9.6451,5.7943,10.6591,9.3916,7.4964,8.8122,6.0237,7.3636,7.6775,10.7557,8.619,7.762,psi
399,psi_sub020_video,sub020,non meditator,video,0.034556,0.029652,0.030319,0.028223,0.030783,8.7814,7.7552,7.8571,8.0921,32.4857,30.1427,23.0489,23.8441,22.9643,3.7822,3.2992,3.4386,3.4077,8.5369,9.6252,8.8996,8.8996,7.11,7.8476,8.416,7.5574,8.1862,9.7219,7.7509,7.4486,psi
400,psi_sub023_video,sub023,non meditator,video,0.038291,0.032887,0.037718,0.035574,0.03621,7.4197,6.6329,7.0981,6.4664,27.617,28.3298,21.9287,26.7167,23.0248,3.9038,3.6119,3.8844,3.973,8.9842,9.5604,8.0239,9.0055,8.0026,7.1063,9.9872,7.5117,8.4294,7.9385,7.405,8.0452,psi
401,psi_sub025_video,sub025,non meditator,video,0.035495,0.035017,0.037485,0.030833,0.034908,7.0854,7.2014,8.0518,6.3085,28.6471,25.127,25.2126,30.07,19.5904,4.5238,4.5101,4.7265,4.4094,8.4541,9.6057,6.6793,8.2103,10.0393,6.8554,9.7954,9.8767,8.4812,6.7064,6.8148,8.4812,psi
402,psi_sub026_video,sub026,non meditator,video,0.031177,0.034441,0.028234,0.033685,0.032068,8.3581,7.7454,6.4807,8.5998,31.184,26.1015,26.5682,18.4437,28.8866,3.7279,3.9976,4.1435,3.735,8.4622,7.8435,10.4095,8.3894,6.424,10.0455,7.2611,6.242,7.2247,11.2102,10.1001,6.3876,psi
403,psi_sub027_video,sub027,non meditator,video,0.035185,0.031738,0.033094,0.03496,0.033835,7.5153,6.6014,7.3177,8.1205,29.5549,26.3859,21.0288,24.2473,28.338,4.0456,4.1525,4.0961,4.08,7.6304,7.6939,10.0042,7.6939,6.8249,7.8635,7.8211,7.2912,9.5803,9.9195,7.5456,10.1314,psi
404,psi_sub028_video,sub028,non meditator,video,0.034052,0.032567,0.035003,0.031924,0.033416,6.9469,7.1262,8.217,7.6353,29.9253,23.6303,23.2424,28.6883,24.439,4.8357,4.5138,4.9796,4.7616,6.5392,9.1221,7.6345,6.1141,9.1712,8.4682,8.9423,9.0894,9.3837,8.223,8.1576,9.1548,psi
405,psi_sub031_video,sub031,non meditator,video,0.038908,0.034279,0.036633,0.037652,0.036968,7.0721,6.205,6.3336,7.4394,27.0502,27.4456,21.3562,23.2131,27.9851,5.2047,4.9892,5.2142,5.2437,7.8869,8.0228,10.2529,7.9549,6.6086,8.4036,7.9277,6.6222,8.8387,10.2801,8.4308,8.7707,psi
406,psi_sub032_video,sub032,non meditator,video,0.042889,0.042146,0.042882,0.039628,0.041906,6.2273,5.534,6.1792,5.9227,23.8631,26.6804,23.3177,26.47,23.5319,4.3967,4.5763,4.6353,4.1814,7.6793,9.4177,9.0127,8.0675,7.8481,7.2574,8.7257,8.5401,8.6076,9.2827,6.9367,8.6245,psi
407,psi_sub202_video,sub202,meditator,video,0.033463,0.035337,0.032427,0.029219,0.032618,7.3806,8.2613,6.9686,8.0472,30.6577,24.6614,29.0631,22.6045,23.671,2.8634,2.8249,2.9325,2.6827,9.6535,6.5194,7.9212,9.5345,7.7228,9.6932,6.4269,7.6567,8.6485,8.0799,9.6006,8.5427,psi
408,psi_sub203_video,sub203,meditator,video,0.029445,0.028971,0.032775,0.0323,0.030981,7.2112,7.769,8.1428,9.1549,32.2779,21.3005,22.6024,26.5998,29.4973,4.2837,4.3435,4.7992,4.2877,6.5657,7.3413,8.5137,6.5296,7.7922,9.7403,7.0707,7.9545,10.083,8.7843,9.5418,10.083,psi
409,psi_sub204_video,sub204,meditator,video,0.032305,0.032303,0.03845,0.029121,0.033191,6.9025,7.5136,8.2256,7.487,30.1288,22.3333,24.3089,31.3814,21.9764,3.1727,3.2602,3.6918,2.9581,7.3445,8.5954,6.8799,7.9342,8.9171,8.0951,8.0951,9.346,9.8642,6.862,8.2738,9.7927,psi
410,psi_sub206_video,sub206,meditator,video,0.041653,0.03845,0.039554,0.04259,0.040612,6.4604,5.8608,6.0542,6.2476,24.6231,26.8778,22.5945,23.9771,26.5506,4.6756,4.2362,4.6073,4.5965,7.879,8.8142,9.5304,8.6351,7.0832,8.0382,8.9335,7.8591,7.8392,8.655,8.1576,8.5754,psi
411,psi_sub208_video,sub208,meditator,video,0.042911,0.035973,0.036683,0.038526,0.038744,7.1908,5.5837,6.3237,6.7124,25.8106,30.7091,20.1623,23.2614,25.8672,4.4356,4.1049,4.2985,4.6369,7.5304,8.568,11.8589,7.8862,7.7676,6.0777,8.8052,7.4711,8.1233,11.0288,6.7596,8.1233,psi
412,psi_sub209_video,sub209,meditator,video,0.04088,0.031668,0.032591,0.034907,0.035384,8.174,6.408,6.3025,7.377,28.2614,33.1755,20.4203,20.6348,25.7694,3.9321,3.6544,3.766,3.7761,9.0556,8.8753,10.9555,8.9447,6.2682,7.4886,8.4593,6.1573,7.6688,11.5795,7.3637,7.1835,psi
413,psi_sub210_video,sub210,meditator,video,0.046072,0.043409,0.043384,0.046067,0.044798,5.6936,5.1922,5.4239,6.0127,22.3224,26.2006,22.5697,23.5638,27.6659,3.6227,3.4156,3.5116,3.7876,7.6871,7.8066,10.0273,7.6187,7.3796,8.2679,8.6095,7.1063,8.6266,9.3099,8.4045,9.1561,psi
414,psi_sub213_video,sub213,meditator,video,0.034115,0.036525,0.039686,0.030424,0.035371,6.7935,7.6494,7.3544,6.4744,28.2718,23.222,27.8919,29.0168,19.8693,4.4991,4.8889,5.1861,4.3718,8.771,8.511,6.8469,8.5283,10.0884,8.355,8.095,10.2097,7.6616,7.2976,8.1297,7.5056,psi
415,psi_sub217_video,sub217,meditator,video,0.028585,0.025444,0.025505,0.022608,0.025332,9.0024,8.3522,10.3723,11.7486,39.4755,25.519,21.2442,26.4411,26.7957,5.8384,5.6469,6.1122,5.8201,6.2358,7.4862,9.1263,5.8136,6.7392,8.5255,7.34,6.9665,12.0656,9.646,7.9571,12.0981,psi
416,psi_sub218_video,sub218,meditator,video,0.029428,0.028413,0.0276,0.029869,0.028869,9.1298,8.8829,7.8002,8.8266,34.6396,26.834,25.2657,21.5928,26.3075,3.2868,3.2591,3.3578,3.4495,9.3412,7.6817,9.3412,9.3412,7.3799,8.9012,7.732,7.4931,7.2919,9.2406,8.788,7.4679,psi
417,psi_sub219_video,sub219,meditator,video,0.037082,0.039506,0.03624,0.037084,0.037477,6.5148,6.6762,6.7228,6.7694,26.6832,24.1713,26.3062,24.4055,25.1169,4.0903,4.6177,4.2861,4.3817,8.071,8.2593,8.071,8.219,8.1786,8.6494,8.2055,8.3132,8.6629,7.9903,8.6225,8.7571,psi
418,psi_sub220_video,sub220,meditator,video,0.038,0.043943,0.038897,0.038138,0.039699,6.3157,6.0697,6.5359,6.2682,25.1895,24.0512,26.5484,25.4478,23.9526,3.3776,3.8631,3.5245,3.4658,8.1198,8.1544,8.847,8.5526,8.1371,7.358,8.795,8.5007,8.6738,7.7735,7.4792,9.6087,psi
419,psi_sub221_video,sub221,meditator,video,0.031642,0.033147,0.030972,0.028691,0.031258,8.4733,9.3049,6.8575,7.3565,31.9922,26.7917,30.7374,21.2506,21.2202,4.8864,4.9439,5.6782,4.8793,10.8331,7.4918,8.1361,12.0018,7.9413,9.11,6.8325,8.9452,5.6788,7.6566,9.4096,5.9634,psi
420,psi_sub222_video,sub222,meditator,video,0.033869,0.038597,0.037202,0.031889,0.035632,6.8373,7.6097,7.6155,6.002,28.0645,23.2217,29.2514,28.2676,19.2593,3.0679,3.172,3.2841,3.119,9.3879,8.6022,6.2448,9.0571,10.6286,7.4855,8.9537,10.4632,7.651,6.2655,7.2994,7.9611,psi
421,psi_sub223_video,sub223,meditator,video,0.033316,0.03418,0.034325,0.038339,0.035181,6.5012,7.0025,6.9723,7.9485,28.4246,21.7247,23.9721,23.9649,30.3383,4.0044,4.0749,4.1446,4.51,7.2587,7.2055,8.4552,7.2188,7.6575,9.7447,7.0726,7.724,9.7182,8.5881,9.6783,9.6783,psi
422,psi_sub224_video,sub224,meditator,video,0.026278,0.026382,0.026429,0.025924,0.026252,8.7086,10.0375,9.5738,9.7718,38.0918,22.8829,26.4718,25.2906,25.3547,4.0485,4.2287,4.2402,4.1785,7.3974,7.3523,8.1191,7.6981,9.4873,9.1264,7.1117,9.4723,8.525,7.9537,9.4572,8.2995,psi
423,psi_sub225_video,sub225,meditator,video,0.044789,0.041746,0.044976,0.042927,0.043559,5.6394,5.8334,5.3211,6.1634,22.9573,25.2277,24.3987,23.8992,26.4745,5.0142,4.8649,5.193,4.9866,8.2073,7.5446,8.802,8.1054,7.3577,9.9065,7.4596,7.6126,8.1393,8.955,9.5837,8.3263,psi
424,psi_sub227_video,sub227,meditator,video,0.03104,0.031016,0.034391,0.028516,0.031219,7.4325,8.0441,8.1206,8.4348,32.032,23.0785,24.9593,27.7725,24.1897,2.5795,2.6541,2.8761,2.7151,7.4824,7.8606,7.9687,7.2123,8.2118,9.5624,7.8066,8.671,8.8331,8.1578,8.8871,9.3463,psi
425,psi_sub228_video,sub228,meditator,video,0.047186,0.045529,0.052921,0.054378,0.050164,5.0523,4.587,4.8529,5.4423,19.9346,23.8976,20.9654,25.6306,29.5064,6.2976,6.109,7.8444,6.8361,7.7114,8.1411,9.3623,7.4175,7.2139,8.5029,7.7567,7.2365,9.3849,10.0633,8.2994,8.91,psi
426,psi_sub229_video,sub229,meditator,video,0.029033,0.028411,0.028365,0.030275,0.029031,8.6193,8.354,8.6697,8.8023,34.4454,25.0244,23.7677,24.6289,26.579,4.9969,4.8888,5.1409,5.4414,8.0788,8.2128,8.7085,7.8644,8.4003,7.9984,8.6549,7.6501,8.9094,8.4941,8.5343,8.4941,psi
427,psi_sub230_video,sub230,meditator,video,0.033669,0.033064,0.037816,0.032893,0.034449,7.0131,6.9516,7.8266,7.2374,29.0287,23.6425,23.0375,29.4522,23.8678,3.4395,3.5809,3.8039,3.5868,7.8383,8.7263,7.624,7.7924,8.1292,7.9914,9.2315,8.4813,9.2927,7.1494,7.624,10.1194,psi
428,psi_sub233_video,sub233,meditator,video,0.039017,0.036867,0.031804,0.035552,0.036051,7.6549,7.0399,5.8548,7.189,27.7386,29.7473,25.924,18.7513,25.5773,3.6884,3.6354,3.4131,3.5846,9.9233,7.6478,10.0175,9.7078,6.7053,8.9942,7.5131,6.6918,6.9072,10.408,8.7519,6.7322,psi
